{"id": "experimento_4_trial_1", "Confianca": 0.2, "limiar_IOU": 0.1, "Kpx": 9.5475, "Kpy": 4.17, "Kpz": 22.8, "pos_inicial_x": 1294, "pos_inicial_y": 140, "pos_inicial_z": 169, "frame_time": 30000, "freq_widowX": 30, "velocidade": 60, "filtragemDistancia": true, "limiar_distancia_pixel": 18.10193359837562, "numero_objetos": 3, "tempo_alcance": 8.514816284179688, "taxa_acerto_percentual_tracking": 0.6177606177606177, "taxa_acerto_percentual_deteccoes": 0.81875, "quantidade_deteccoes_tracking": 160, "quantidade_frames": 259, "objeto_de_interesse": 5, "vetor_classificacao_classes": "[5, 5, 5, 5, 5, 5, 5, 5, 6, 5, 5, 1, 5, 5, 5, 5, 5, 5, 5, 5, 5, 5, 5, 1, 5, 5, 5, 1, 1, 5, 1, 5, 5, 5, 5, 5, 5, 5, 5, 5, 1, 5, 5, 1, 5, 1, 1, 5, 5, 1, 1, 1, 1, 1, 5, 1, 1, 5, 5, 5, 5, 5, 5, 5, 1, 5, 5, 5, 5, 5, 5, 1, 1, 1, 1, 1, 1, 1, 1, 1, 1, 1, 5, 5, 1, 1, 1, 5, 1, 1, 1, 1, 1, 1, 1, 1, 1, 1, 1, 1, 1, 1, 1, 1, 1, 1, 1, 1, 1, 1, 1, 1, 1, 1, 1, 1, 1, 1, 1, 1, 1, 1, 1, 1, 3, 1, 1, 1, 1, 1, 1, 1, 1, 1, 1, 1, 4, 1, 1, 1, 1, 1, 1, 1, 1, 3, 1, 1, 1, 1, 1, 1, 1, 1, 1, 1, 1, 1, 1, 1]", "taxa_acerto_deteccao": 0.35, "qtde_predicoes_tensor": [0, 0, 0, 0, 1, 3, 2, 1, 1, 1, 1, 3, 4, 1, 2, 0, 1, 0, 0, 1, 1, 2, 2, 1, 1, 2, 2, 1, 0, 0, 1, 1, 2, 0, 1, 2, 1, 1, 0, 0, 1, 0, 2, 1, 1, 1, 1, 0, 1, 1, 1, 1, 1, 1, 0, 2, 1, 1, 0, 2, 1, 1, 1, 1, 1, 0, 0, 1, 1, 1, 0, 1, 2, 2, 0, 1, 0, 2, 2, 3, 0, 1, 1, 2, 1, 3, 0, 0, 0, 1, 0, 1, 1, 3, 2, 0, 1, 2, 1, 2, 2, 0, 1, 1, 0, 1, 0, 1, 2, 0, 1, 1, 0, 1, 0, 2, 2, 0, 0, 1, 1, 2, 1, 1, 1, 2, 1, 1, 1, 1, 1, 2, 1, 1, 1, 2, 0, 0, 1, 2, 2, 1, 0, 1, 0, 1, 0, 0, 0, 1, 0, 0, 0, 0, 0, 1, 1, 1, 2, 1, 0, 0, 0, 0, 1, 0, 1, 1, 1, 0, 0, 0, 0, 1, 0, 1, 1, 0, 0, 2, 1, 1, 0, 0, 1, 0, 0, 0, 0, 0, 0, 1, 0, 1, 1, 1, 1, 0, 1, 1, 1, 0, 1, 0, 0, 1, 0, 0, 1, 1, 0, 0, 1, 1, 0, 0, 1, 2, 0, 1, 0, 2, 0, 1, 1, 1, 0, 1, 1, 2, 2, 0, 0, 0, 0, 1, 1, 1, 1, 0, 0, 0, 0, 1, 0, 1, 1, 0, 1, 0, 0, 1, 0, 0, 0, 0, 0, 1, 1], "qtde_deteccoes_acc_temp_totais": [5, 10, 15, 20, 25, 30, 35, 40, 45, 50, 55, 60, 65, 70, 75, 80, 85, 90, 95, 100, 105, 110, 115, 120, 125, 130, 135, 140, 145, 150, 155, 160], "qtde_deteccoes_acc_temp_validas": [5, 10, 15, 20, 25, 29, 34, 39, 44, 49, 54, 57, 62, 67, 71, 75, 79, 84, 89, 91, 94, 99, 103, 108, 113, 117, 117, 118, 120, 124, 128, 131], "taxa_deteccoes_acc_temp": [1.0, 1.0, 1.0, 1.0, 1.0, 0.8, 1.0, 1.0, 1.0, 1.0, 1.0, 0.6, 1.0, 1.0, 0.8, 0.8, 0.8, 1.0, 1.0, 0.4, 0.6, 1.0, 0.8, 1.0, 1.0, 0.8, 0.0, 0.2, 0.4, 0.8, 0.8, 0.6], "tipo_deteccao": ["sacada", "sacada", "sacada", "sacada", "valida", "valida", "valida", "valida", "valida", "valida", "valida", "valida", "valida", "valida", "valida", "sacada", "valida", "sacada", "sacada", "valida", "valida", "valida", "valida", "valida", "valida", "valida", "valida", "valida", "sacada", "sacada", "valida", "valida", "valida", "sacada", "valida", "valida", "valida", "valida", "sacada", "sacada", "invalida", "sacada", "valida", "valida", "valida", "valida", "valida", "sacada", "valida", "valida", "valida", "valida", "valida", "valida", "sacada", "valida", "valida", "valida", "sacada", "valida", "valida", "valida", "valida", "valida", "valida", "sacada", "sacada", "valida", "valida", "valida", "sacada", "valida", "valida", "valida", "sacada", "invalida", "sacada", "valida", "valida", "invalida", "sacada", "valida", "valida", "valida", "valida", "valida", "sacada", "sacada", "sacada", "valida", "sacada", "valida", "valida", "valida", "valida", "sacada", "valida", "valida", "invalida", "valida", "valida", "sacada", "valida", "invalida", "sacada", "valida", "sacada", "valida", "valida", "sacada", "valida", "valida", "sacada", "invalida", "sacada", "valida", "valida", "sacada", "sacada", "valida", "valida", "valida", "valida", "valida", "valida", "valida", "valida", "valida", "valida", "valida", "invalida", "invalida", "valida", "invalida", "valida", "invalida", "sacada", "sacada", "invalida", "valida", "valida", "valida", "sacada", "valida", "sacada", "valida", "sacada", "sacada", "sacada", "valida", "sacada", "sacada", "sacada", "sacada", "sacada", "valida", "valida", "invalida", "valida", "valida", "sacada", "sacada", "sacada", "sacada", "valida", "sacada", "valida", "valida", "valida", "sacada", "sacada", "sacada", "sacada", "valida", "sacada", "valida", "valida", "sacada", "sacada", "valida", "valida", "valida", "sacada", "sacada", "valida", "sacada", "sacada", "sacada", "sacada", "sacada", "sacada", "valida", "sacada", "invalida", "valida", "valida", "valida", "sacada", "valida", "invalida", "invalida", "sacada", "invalida", "sacada", "sacada", "invalida", "sacada", "sacada", "invalida", "valida", "sacada", "sacada", "invalida", "invalida", "sacada", "sacada", "invalida", "invalida", "sacada", "valida", "sacada", "valida", "sacada", "invalida", "invalida", "invalida", "sacada", "invalida", "valida", "valida", "valida", "sacada", "sacada", "sacada", "sacada", "valida", "valida", "invalida", "valida", "sacada", "sacada", "sacada", "sacada", "valida", "sacada", "valida", "valida", "sacada", "invalida", "sacada", "sacada", "valida", "sacada", "sacada", "sacada", "sacada", "sacada", "invalida", "valida"], "quantidade_tipo_deteccao": {"sacada": 99, "valida": 131, "invalida": 29}, "percentagem_detec_sacada": 0.38223938223938225, "percentagem_detec_valida": 0.5057915057915058, "percentagem_detec_invalida": 0.11196911196911197, "tempo_sacadas": [0.12689957900010995, 0.03423244300006445, 0.0691954229998828, 0.07015325299994402, 0.03567123000016181, 0.06810698399999637, 0.03319693299999926, 0.03616312100007235, 0.03693461200009551, 0.03931049100015116, 0.06800021399999423, 0.035025447999942116, 0.034853546000022106, 0.031955523000078756, 0.03378099600013229, 0.10061774100017828, 0.041360140000051615, 0.036189128999922104, 0.037605004999932135, 0.03729595699996935, 0.03665120699997715, 0.03200521099984144, 0.03609243400001105, 0.03651702099978138, 0.0714715649999107, 0.06333271199991941, 0.03646388200013462, 0.03605716700008088, 0.10655705599992871, 0.1612849279999864, 0.12696649600002274, 0.0378765719999592, 0.1380452000000787, 0.03410428100005447, 0.07626353199998448, 0.06949525599998196, 0.20264517700002216, 0.03449118200001067, 0.03675166900006843, 0.03568756000004214, 0.06471859500015853, 0.06613577600001008, 0.07014306500013845, 0.06908146099999612, 0.035809889999882216, 0.04152661700004501, 0.02239771200015639, 0.03576534600006198, 0.138130234999835, 0.13177086500013502, 0.03659637399982785, 0.03616600300006212, 0.07811639800002013, 0.1666433519999373], "porcentagem_tempo_sacada": 0.40027987113865465}