{"id": "experimento_4_trial_5", "Confianca": 0.2, "limiar_IOU": 0.1, "Kpx": 9.5475, "Kpy": 4.17, "Kpz": 22.8, "pos_inicial_x": 1294, "pos_inicial_y": 140, "pos_inicial_z": 169, "frame_time": 30000, "freq_widowX": 30, "velocidade": 60, "filtragemDistancia": true, "limiar_distancia_pixel": 18.10193359837562, "numero_objetos": 3, "tempo_alcance": 8.575320482254028, "taxa_acerto_percentual_tracking": 0.6297709923664122, "taxa_acerto_percentual_deteccoes": 0.793939393939394, "quantidade_deteccoes_tracking": 165, "quantidade_frames": 262, "objeto_de_interesse": 5, "vetor_classificacao_classes": "[5, 5, 5, 5, 5, 5, 5, 6, 5, 6, 5, 5, 1, 1, 1, 5, 5, 1, 1, 5, 5, 1, 5, 5, 5, 1, 5, 5, 5, 1, 3, 1, 5, 1, 1, 5, 5, 5, 5, 5, 5, 5, 5, 5, 5, 5, 1, 5, 5, 1, 5, 5, 1, 5, 5, 5, 1, 1, 1, 1, 5, 5, 5, 5, 1, 5, 1, 5, 1, 1, 1, 5, 5, 1, 1, 5, 1, 1, 5, 5, 1, 5, 5, 5, 1, 1, 1, 1, 1, 1, 1, 1, 1, 1, 1, 1, 1, 1, 1, 1, 1, 1, 1, 1, 1, 1, 1, 1, 1, 1, 1, 1, 1, 1, 1, 1, 5, 1, 1, 1, 1, 1, 1, 1, 1, 1, 1, 1, 1, 1, 1, 1, 1, 1, 1, 1, 1, 1, 1, 1, 1, 2, 1, 1, 1, 1, 1, 1, 1, 1, 1, 1, 1, 1, 1, 1, 1, 1, 1, 1, 1, 1, 1, 1, 1]", "taxa_acerto_deteccao": 0.32727272727272727, "qtde_predicoes_tensor": [0, 0, 0, 0, 2, 2, 2, 1, 1, 2, 2, 3, 2, 1, 1, 1, 0, 0, 0, 2, 2, 2, 1, 2, 1, 2, 2, 1, 1, 0, 1, 1, 1, 1, 0, 1, 1, 1, 1, 1, 1, 0, 0, 0, 0, 1, 2, 1, 0, 0, 0, 0, 1, 1, 0, 0, 0, 0, 1, 1, 0, 1, 1, 1, 2, 1, 1, 1, 1, 1, 1, 2, 2, 0, 0, 2, 2, 0, 1, 2, 2, 2, 2, 0, 0, 0, 0, 0, 0, 1, 0, 2, 2, 2, 1, 1, 1, 0, 2, 1, 3, 1, 0, 1, 1, 2, 0, 0, 0, 0, 2, 0, 0, 0, 1, 0, 1, 2, 2, 0, 0, 1, 0, 2, 1, 1, 2, 2, 2, 0, 1, 1, 2, 1, 0, 2, 0, 1, 0, 0, 0, 0, 1, 1, 0, 0, 2, 0, 0, 2, 1, 1, 0, 0, 0, 0, 0, 0, 0, 0, 0, 0, 1, 0, 0, 0, 0, 1, 0, 0, 1, 0, 2, 2, 1, 2, 2, 1, 0, 1, 0, 1, 1, 0, 1, 1, 2, 2, 2, 1, 2, 1, 2, 2, 2, 0, 0, 1, 1, 2, 2, 0, 1, 3, 2, 3, 0, 0, 2, 0, 1, 1, 1, 2, 2, 1, 2, 1, 0, 1, 1, 1, 1, 1, 1, 0, 1, 0, 1, 0, 1, 2, 2, 2, 1, 2, 0, 0, 1, 1, 0, 0, 1, 0, 1, 1, 2, 1, 1, 0, 1, 1, 1, 2, 0, 0, 0, 1, 0, 0, 1, 1], "qtde_deteccoes_acc_temp_totais": [5, 10, 15, 20, 25, 30, 35, 40, 45, 50, 55, 60, 65, 70, 75, 80, 85, 90, 95, 100, 105, 110, 115, 120, 125, 130, 135, 140, 145, 150, 155, 160, 165], "qtde_deteccoes_acc_temp_validas": [5, 9, 14, 18, 23, 28, 32, 37, 42, 47, 52, 57, 62, 67, 72, 77, 81, 83, 85, 87, 90, 94, 98, 101, 106, 109, 114, 118, 121, 125, 127, 128, 131], "taxa_deteccoes_acc_temp": [1.0, 0.8, 1.0, 0.8, 1.0, 1.0, 0.8, 1.0, 1.0, 1.0, 1.0, 1.0, 1.0, 1.0, 1.0, 1.0, 0.8, 0.4, 0.4, 0.4, 0.6, 0.8, 0.8, 0.6, 1.0, 0.6, 1.0, 0.8, 0.6, 0.8, 0.4, 0.2, 0.6], "tipo_deteccao": ["sacada", "sacada", "sacada", "sacada", "valida", "valida", "valida", "valida", "valida", "valida", "valida", "valida", "valida", "invalida", "valida", "valida", "sacada", "sacada", "sacada", "valida", "valida", "valida", "valida", "valida", "invalida", "valida", "valida", "valida", "valida", "sacada", "valida", "valida", "valida", "valida", "sacada", "valida", "valida", "valida", "valida", "valida", "valida", "sacada", "sacada", "sacada", "sacada", "valida", "valida", "invalida", "sacada", "sacada", "sacada", "sacada", "valida", "valida", "sacada", "sacada", "sacada", "sacada", "valida", "valida", "sacada", "valida", "valida", "valida", "valida", "valida", "valida", "valida", "valida", "valida", "valida", "valida", "valida", "sacada", "sacada", "valida", "valida", "sacada", "valida", "valida", "valida", "valida", "valida", "sacada", "sacada", "sacada", "sacada", "sacada", "sacada", "valida", "sacada", "valida", "valida", "valida", "valida", "valida", "valida", "sacada", "valida", "valida", "valida", "valida", "sacada", "valida", "valida", "valida", "sacada", "sacada", "sacada", "sacada", "valida", "sacada", "sacada", "sacada", "valida", "sacada", "valida", "valida", "valida", "sacada", "sacada", "valida", "sacada", "valida", "valida", "invalida", "valida", "valida", "valida", "sacada", "valida", "valida", "valida", "invalida", "sacada", "invalida", "sacada", "invalida", "sacada", "sacada", "sacada", "sacada", "valida", "valida", "sacada", "sacada", "invalida", "sacada", "sacada", "invalida", "invalida", "valida", "sacada", "sacada", "sacada", "sacada", "sacada", "sacada", "sacada", "sacada", "sacada", "sacada", "invalida", "sacada", "sacada", "sacada", "sacada", "invalida", "sacada", "sacada", "valida", "sacada", "invalida", "invalida", "invalida", "valida", "valida", "valida", "sacada", "valida", "sacada", "valida", "invalida", "sacada", "valida", "valida", "valida", "invalida", "valida", "valida", "valida", "invalida", "valida", "valida", "invalida", "sacada", "sacada", "valida", "valida", "valida", "valida", "sacada", "valida", "valida", "valida", "invalida", "sacada", "sacada", "valida", "sacada", "valida", "invalida", "valida", "valida", "valida", "valida", "valida", "invalida", "sacada", "valida", "valida", "valida", "valida", "valida", "invalida", "sacada", "invalida", "sacada", "valida", "sacada", "valida", "valida", "valida", "valida", "valida", "invalida", "sacada", "sacada", "invalida", "valida", "sacada", "sacada", "valida", "sacada", "invalida", "invalida", "invalida", "invalida", "invalida", "sacada", "invalida", "valida", "invalida", "valida", "sacada", "sacada", "sacada", "invalida", "sacada", "sacada", "valida", "valida"], "quantidade_tipo_deteccao": {"sacada": 97, "valida": 131, "invalida": 34}, "percentagem_detec_sacada": 0.3702290076335878, "percentagem_detec_valida": 0.5, "percentagem_detec_invalida": 0.1297709923664122, "tempo_sacadas": [0.12739484300004733, 0.09722669799998584, 0.0399811669999508, 0.03510059600012028, 0.13717408200000136, 0.13077236599997377, 0.13793634899980134, 0.0349258710000413, 0.06890081400001691, 0.03519050999989304, 0.20383283099999971, 0.036886011999968105, 0.03460900100003528, 0.034975341000063054, 0.13554876800003512, 0.10139010500006407, 0.026776529000017035, 0.06938718499986862, 0.034837422999999035, 0.032749001999945904, 0.034908464999944044, 0.042134911999937685, 0.130785362999859, 0.06120107700007793, 0.07117683799992847, 0.3320638949999193, 0.13126764200001162, 0.06721597799992196, 0.03310618699993029, 0.03793337800016161, 0.03600832500001161, 0.045186091000005035, 0.06731444999991254, 0.04371054000012009, 0.07541369399996256, 0.04243157699988842, 0.028810942999825784, 0.03201643299985335, 0.031950536000067586, 0.03427754700010155, 0.06092175699996005, 0.06895200300004944, 0.02853089799987174, 0.025943358999938937, 0.10129781299997376, 0.07424273200012976], "porcentagem_tempo_sacada": 0.38417198900224164}