{"id": "experimento_4_trial_3", "Confianca": 0.2, "limiar_IOU": 0.1, "Kpx": 9.5475, "Kpy": 4.17, "Kpz": 22.8, "pos_inicial_x": 1294, "pos_inicial_y": 140, "pos_inicial_z": 169, "frame_time": 30000, "freq_widowX": 30, "velocidade": 60, "filtragemDistancia": true, "limiar_distancia_pixel": 18.10193359837562, "numero_objetos": 3, "tempo_alcance": 8.633304357528687, "taxa_acerto_percentual_tracking": 0.6463878326996197, "taxa_acerto_percentual_deteccoes": 0.7705882352941177, "quantidade_deteccoes_tracking": 170, "quantidade_frames": 263, "objeto_de_interesse": 5, "vetor_classificacao_classes": "[1, 5, 5, 5, 5, 1, 5, 5, 5, 5, 5, 1, 1, 5, 3, 5, 1, 1, 5, 5, 5, 1, 5, 5, 5, 5, 5, 1, 5, 1, 5, 1, 1, 5, 5, 5, 1, 5, 1, 1, 5, 5, 5, 5, 5, 1, 1, 1, 5, 5, 5, 5, 5, 5, 1, 5, 5, 1, 5, 5, 5, 5, 5, 5, 5, 1, 1, 1, 5, 5, 1, 5, 5, 1, 1, 1, 1, 1, 1, 1, 5, 1, 1, 5, 5, 1, 5, 1, 1, 5, 1, 1, 1, 1, 1, 1, 1, 1, 1, 1, 1, 1, 1, 1, 1, 1, 1, 1, 1, 1, 1, 1, 1, 1, 1, 1, 5, 1, 1, 1, 1, 1, 1, 1, 1, 1, 1, 1, 1, 1, 1, 1, 1, 1, 1, 1, 1, 1, 1, 1, 1, 1, 1, 1, 1, 1, 1, 1, 1, 1, 1, 2, 1, 1, 1, 1, 1, 1, 1, 1, 1, 1, 1, 1, 1, 2, 1, 1, 1, 1]", "taxa_acerto_deteccao": 0.3235294117647059, "qtde_predicoes_tensor": [0, 0, 0, 0, 1, 2, 2, 2, 2, 2, 2, 1, 2, 0, 1, 1, 2, 0, 0, 2, 1, 2, 3, 1, 1, 1, 2, 2, 1, 0, 2, 2, 1, 0, 0, 0, 0, 0, 1, 1, 2, 2, 2, 1, 0, 1, 1, 0, 0, 2, 1, 1, 0, 0, 2, 2, 1, 0, 0, 1, 1, 1, 1, 1, 1, 2, 1, 1, 1, 1, 1, 0, 1, 1, 1, 0, 1, 0, 0, 0, 0, 2, 1, 1, 0, 2, 1, 1, 1, 2, 1, 2, 2, 1, 2, 0, 0, 1, 2, 0, 2, 2, 2, 1, 1, 2, 1, 0, 0, 0, 2, 1, 1, 2, 1, 2, 2, 2, 2, 3, 3, 1, 2, 1, 1, 2, 0, 1, 0, 1, 1, 0, 1, 1, 1, 1, 0, 0, 0, 1, 1, 1, 1, 0, 2, 0, 1, 0, 1, 1, 1, 1, 0, 0, 1, 1, 1, 0, 0, 0, 1, 0, 1, 0, 0, 2, 0, 2, 0, 0, 0, 1, 1, 1, 1, 0, 0, 0, 1, 1, 1, 0, 1, 2, 1, 0, 1, 1, 1, 1, 0, 1, 1, 2, 1, 2, 2, 1, 2, 1, 1, 1, 1, 1, 1, 1, 1, 1, 1, 0, 1, 2, 1, 1, 1, 1, 0, 1, 0, 1, 0, 0, 0, 0, 0, 0, 0, 1, 0, 0, 0, 0, 1, 0, 1, 1, 0, 0, 1, 1, 1, 0, 0, 1, 0, 0, 0, 1, 0, 0, 0, 0, 0, 0, 0, 0, 0, 1, 0, 0, 1, 1, 1], "qtde_deteccoes_acc_temp_totais": [5, 10, 15, 20, 25, 30, 35, 40, 45, 50, 55, 60, 65, 70, 75, 80, 85, 90, 95, 100, 105, 110, 115, 120, 125, 130, 135, 140, 145, 150, 155, 160, 165, 170], "qtde_deteccoes_acc_temp_validas": [5, 10, 14, 18, 21, 26, 31, 35, 40, 44, 49, 54, 59, 64, 68, 73, 78, 82, 86, 91, 94, 99, 102, 107, 111, 113, 113, 116, 117, 120, 123, 125, 128, 131], "taxa_deteccoes_acc_temp": [1.0, 1.0, 0.8, 0.8, 0.6, 1.0, 1.0, 0.8, 1.0, 0.8, 1.0, 1.0, 1.0, 1.0, 0.8, 1.0, 1.0, 0.8, 0.8, 1.0, 0.6, 1.0, 0.6, 1.0, 0.8, 0.4, 0.0, 0.6, 0.2, 0.6, 0.6, 0.4, 0.6, 0.6], "tipo_deteccao": ["sacada", "sacada", "sacada", "sacada", "valida", "valida", "valida", "valida", "valida", "valida", "valida", "valida", "valida", "sacada", "valida", "valida", "valida", "sacada", "sacada", "invalida", "valida", "valida", "valida", "invalida", "valida", "valida", "valida", "valida", "invalida", "sacada", "invalida", "valida", "valida", "sacada", "sacada", "sacada", "sacada", "sacada", "valida", "valida", "valida", "valida", "valida", "valida", "sacada", "valida", "valida", "sacada", "sacada", "valida", "valida", "valida", "sacada", "sacada", "valida", "valida", "invalida", "sacada", "sacada", "valida", "valida", "valida", "valida", "valida", "valida", "valida", "invalida", "valida", "valida", "valida", "valida", "sacada", "valida", "valida", "valida", "sacada", "valida", "sacada", "sacada", "sacada", "sacada", "valida", "valida", "valida", "sacada", "valida", "valida", "valida", "valida", "valida", "valida", "valida", "valida", "valida", "valida", "sacada", "sacada", "valida", "valida", "sacada", "valida", "valida", "valida", "invalida", "valida", "valida", "valida", "sacada", "sacada", "sacada", "valida", "valida", "valida", "valida", "valida", "valida", "valida", "valida", "valida", "valida", "valida", "invalida", "valida", "valida", "valida", "valida", "sacada", "invalida", "sacada", "valida", "valida", "sacada", "valida", "valida", "valida", "valida", "sacada", "sacada", "sacada", "invalida", "valida", "valida", "invalida", "sacada", "valida", "sacada", "valida", "sacada", "valida", "valida", "valida", "valida", "sacada", "sacada", "invalida", "valida", "valida", "sacada", "sacada", "sacada", "invalida", "sacada", "valida", "sacada", "sacada", "valida", "sacada", "valida", "sacada", "sacada", "sacada", "valida", "valida", "valida", "invalida", "sacada", "sacada", "sacada", "valida", "valida", "valida", "sacada", "valida", "valida", "invalida", "sacada", "invalida", "valida", "invalida", "invalida", "sacada", "invalida", "invalida", "invalida", "invalida", "invalida", "valida", "invalida", "valida", "valida", "invalida", "invalida", "invalida", "invalida", "valida", "valida", "invalida", "valida", "invalida", "sacada", "valida", "valida", "invalida", "valida", "invalida", "valida", "sacada", "invalida", "sacada", "invalida", "sacada", "sacada", "sacada", "sacada", "sacada", "sacada", "sacada", "invalida", "sacada", "sacada", "sacada", "sacada", "valida", "sacada", "valida", "valida", "sacada", "sacada", "valida", "invalida", "invalida", "sacada", "sacada", "valida", "sacada", "sacada", "sacada", "invalida", "sacada", "sacada", "sacada", "sacada", "sacada", "sacada", "sacada", "sacada", "sacada", "valida", "sacada", "sacada", "invalida", "valida", "valida"], "quantidade_tipo_deteccao": {"sacada": 93, "valida": 131, "invalida": 39}, "percentagem_detec_sacada": 0.35361216730038025, "percentagem_detec_valida": 0.49809885931558934, "percentagem_detec_invalida": 0.1482889733840304, "tempo_sacadas": [0.13583709899990026, 0.041491809999797624, 0.0693234789998769, 0.036074498999823845, 0.16688603800002966, 0.034831689000156985, 0.0685696470000039, 0.06907750000004853, 0.0660825360000672, 0.03228779799997028, 0.041977393000024676, 0.13773542599983557, 0.03659238900013406, 0.06169302900002549, 0.0436124729999392, 0.10671127599994179, 0.03688803000000007, 0.03511186400010047, 0.03177517899985105, 0.09100850300001184, 0.03663122900002236, 0.03634471800000938, 0.044797990000006394, 0.06563521199996103, 0.09617256199999247, 0.033498408000014024, 0.07617602200002693, 0.031653300000016316, 0.10389492000012979, 0.102142042999958, 0.031006439999828217, 0.03926678099992387, 0.030005079000147816, 0.04200271000013345, 0.03537587699997857, 0.03606774100012444, 0.23628184499989402, 0.13261552699987078, 0.027527273000032437, 0.06576434699991296, 0.05993062699985785, 0.09691328500002783, 0.29926773500005766, 0.06670381100002487], "porcentagem_tempo_sacada": 0.3670950319544506}