{"id": "experimento_4_trial_4", "Confianca": 0.2, "limiar_IOU": 0.1, "Kpx": 9.5475, "Kpy": 4.17, "Kpz": 22.8, "pos_inicial_x": 1294, "pos_inicial_y": 140, "pos_inicial_z": 169, "frame_time": 30000, "freq_widowX": 30, "velocidade": 60, "filtragemDistancia": true, "limiar_distancia_pixel": 18.10193359837562, "numero_objetos": 3, "tempo_alcance": 11.856469869613647, "taxa_acerto_percentual_tracking": 0.48760330578512395, "taxa_acerto_percentual_deteccoes": 0.7401129943502824, "quantidade_deteccoes_tracking": 177, "quantidade_frames": 363, "objeto_de_interesse": 5, "vetor_classificacao_classes": "[1, 5, 5, 5, 5, 1, 5, 5, 5, 5, 5, 1, 5, 5, 1, 5, 5, 1, 1, 5, 1, 1, 1, 5, 5, 5, 1, 1, 1, 5, 5, 5, 1, 5, 5, 5, 5, 5, 5, 5, 5, 5, 5, 5, 5, 1, 5, 5, 5, 1, 1, 5, 5, 5, 5, 1, 1, 5, 5, 1, 5, 5, 1, 5, 1, 5, 1, 5, 5, 5, 5, 5, 5, 5, 5, 1, 1, 1, 5, 5, 1, 5, 5, 1, 5, 5, 1, 1, 1, 1, 1, 5, 1, 1, 1, 1, 1, 1, 1, 1, 1, 1, 5, 1, 1, 1, 1, 1, 1, 1, 1, 1, 1, 1, 1, 1, 1, 1, 1, 1, 1, 1, 1, 1, 1, 1, 1, 1, 1, 1, 1, 1, 1, 1, 1, 2, 1, 1, 1, 1, 1, 1, 1, 1, 1, 1, 1, 1, 1, 1, 4, 1, 1, 1, 1, 1, 1, 1, 1, 1, 1, 1, 1, 1, 1, 1, 1, 5, 4, 4, 2, 4, 4, 1, 4, 1, 1]", "taxa_acerto_deteccao": 0.3502824858757062, "qtde_predicoes_tensor": [0, 0, 0, 0, 2, 2, 1, 1, 1, 1, 1, 2, 1, 0, 1, 1, 0, 0, 0, 2, 1, 1, 3, 1, 1, 2, 2, 2, 2, 0, 3, 3, 1, 1, 0, 1, 0, 3, 2, 1, 0, 1, 3, 2, 2, 0, 2, 1, 1, 1, 1, 1, 3, 1, 1, 2, 1, 1, 1, 1, 2, 1, 1, 2, 0, 0, 2, 0, 2, 1, 2, 2, 1, 1, 2, 1, 0, 1, 1, 1, 0, 1, 2, 1, 2, 0, 1, 1, 2, 2, 0, 0, 2, 1, 0, 0, 0, 2, 2, 0, 0, 1, 2, 0, 1, 2, 1, 1, 2, 1, 1, 0, 2, 2, 0, 0, 2, 1, 1, 0, 1, 0, 0, 0, 1, 2, 1, 0, 0, 0, 0, 1, 0, 0, 0, 0, 0, 2, 1, 0, 0, 1, 0, 0, 1, 0, 0, 2, 0, 0, 0, 0, 0, 0, 2, 0, 0, 0, 0, 1, 0, 0, 0, 1, 0, 2, 1, 1, 1, 1, 1, 1, 1, 1, 1, 2, 0, 2, 3, 1, 1, 2, 1, 1, 1, 2, 1, 1, 1, 2, 0, 1, 0, 0, 1, 0, 1, 0, 0, 1, 0, 0, 1, 1, 2, 1, 1, 0, 0, 0, 1, 2, 0, 1, 1, 2, 1, 0, 2, 1, 1, 1, 0, 0, 1, 2, 1, 2, 2, 0, 1, 0, 0, 2, 2, 1, 0, 1, 1, 1, 1, 0, 0, 0, 0, 0, 0, 0, 0, 0, 0, 0, 0, 0, 0, 0, 1, 0, 0, 2, 0, 0, 0, 0, 0, 0, 0, 0, 1, 0, 0, 0, 0, 0, 0, 0, 0, 1, 0, 1, 0, 0, 0, 1, 0, 0, 0, 0, 0, 2, 0, 0, 1, 0, 0, 0, 1, 0, 0, 0, 0, 0, 0, 0, 0, 0, 0, 0, 0, 0, 0, 0, 0, 0, 0, 0, 0, 0, 0, 1, 0, 0, 0, 2, 1, 2, 2, 2, 0, 0, 1, 2, 0, 0, 0, 1, 0, 0, 0, 0, 0, 0, 0, 0, 0, 0, 0, 0, 0, 0, 0, 0, 0, 0, 0, 0, 0, 0, 0, 0, 0, 0, 1], "qtde_deteccoes_acc_temp_totais": [5, 10, 15, 20, 25, 30, 35, 40, 45, 50, 55, 60, 65, 70, 75, 80, 85, 90, 95, 100, 105, 110, 115, 120, 125, 130, 135, 140, 145, 150, 155, 160, 165, 170, 175], "qtde_deteccoes_acc_temp_validas": [5, 10, 15, 19, 23, 28, 33, 38, 43, 48, 53, 57, 61, 66, 71, 76, 81, 86, 89, 91, 95, 100, 104, 107, 110, 115, 118, 122, 122, 124, 126, 128, 129, 129, 130], "taxa_deteccoes_acc_temp": [1.0, 1.0, 1.0, 0.8, 0.8, 1.0, 1.0, 1.0, 1.0, 1.0, 1.0, 0.8, 0.8, 1.0, 1.0, 1.0, 1.0, 1.0, 0.6, 0.4, 0.8, 1.0, 0.8, 0.6, 0.6, 1.0, 0.6, 0.8, 0.0, 0.4, 0.4, 0.4, 0.2, 0.0, 0.2], "tipo_deteccao": ["sacada", "sacada", "sacada", "sacada", "valida", "valida", "valida", "valida", "valida", "valida", "valida", "valida", "valida", "sacada", "valida", "valida", "sacada", "sacada", "sacada", "valida", "valida", "valida", "valida", "valida", "valida", "valida", "invalida", "valida", "valida", "sacada", "valida", "invalida", "valida", "valida", "sacada", "valida", "sacada", "valida", "valida", "valida", "sacada", "valida", "valida", "valida", "valida", "sacada", "valida", "valida", "valida", "valida", "valida", "valida", "valida", "valida", "valida", "valida", "valida", "valida", "valida", "valida", "valida", "valida", "valida", "valida", "sacada", "sacada", "valida", "sacada", "valida", "valida", "valida", "valida", "valida", "valida", "invalida", "valida", "sacada", "valida", "valida", "invalida", "sacada", "valida", "valida", "valida", "valida", "sacada", "valida", "valida", "valida", "valida", "sacada", "sacada", "valida", "valida", "sacada", "sacada", "sacada", "valida", "valida", "sacada", "sacada", "valida", "valida", "sacada", "valida", "valida", "valida", "valida", "valida", "valida", "valida", "sacada", "valida", "valida", "sacada", "sacada", "valida", "valida", "valida", "sacada", "valida", "sacada", "sacada", "sacada", "valida", "valida", "invalida", "sacada", "sacada", "sacada", "sacada", "valida", "sacada", "sacada", "sacada", "sacada", "sacada", "invalida", "invalida", "sacada", "sacada", "invalida", "sacada", "sacada", "valida", "sacada", "sacada", "valida", "sacada", "sacada", "sacada", "sacada", "sacada", "sacada", "invalida", "sacada", "sacada", "sacada", "sacada", "valida", "sacada", "sacada", "sacada", "valida", "sacada", "valida", "invalida", "valida", "valida", "valida", "valida", "valida", "valida", "valida", "valida", "valida", "sacada", "valida", "invalida", "invalida", "valida", "valida", "valida", "invalida", "invalida", "invalida", "valida", "valida", "valida", "valida", "sacada", "valida", "sacada", "sacada", "valida", "sacada", "valida", "sacada", "sacada", "valida", "sacada", "sacada", "invalida", "valida", "valida", "valida", "invalida", "sacada", "sacada", "sacada", "invalida", "valida", "sacada", "valida", "valida", "valida", "invalida", "sacada", "invalida", "invalida", "invalida", "invalida", "sacada", "sacada", "invalida", "invalida", "invalida", "valida", "valida", "sacada", "invalida", "sacada", "sacada", "invalida", "invalida", "valida", "sacada", "valida", "invalida", "invalida", "valida", "sacada", "sacada", "sacada", "sacada", "sacada", "sacada", "sacada", "sacada", "sacada", "sacada", "sacada", "sacada", "sacada", "sacada", "sacada", "invalida", "sacada", "sacada", "valida", "sacada", "sacada", "sacada", "sacada", "sacada", "sacada", "sacada", "sacada", "invalida", "sacada", "sacada", "sacada", "sacada", "sacada", "sacada", "sacada", "sacada", "invalida", "sacada", "invalida", "sacada", "sacada", "sacada", "invalida", "sacada", "sacada", "sacada", "sacada", "sacada", "valida", "sacada", "sacada", "invalida", "sacada", "sacada", "sacada", "invalida", "sacada", "sacada", "sacada", "sacada", "sacada", "sacada", "sacada", "sacada", "sacada", "sacada", "sacada", "sacada", "sacada", "sacada", "sacada", "sacada", "sacada", "sacada", "sacada", "sacada", "sacada", "sacada", "invalida", "sacada", "sacada", "sacada", "invalida", "invalida", "invalida", "invalida", "invalida", "sacada", "sacada", "valida", "invalida", "sacada", "sacada", "sacada", "invalida", "sacada", "sacada", "sacada", "sacada", "sacada", "sacada", "sacada", "sacada", "sacada", "sacada", "sacada", "sacada", "sacada", "sacada", "sacada", "sacada", "sacada", "sacada", "sacada", "sacada", "sacada", "sacada", "sacada", "sacada", "sacada", "sacada", "valida"], "quantidade_tipo_deteccao": {"sacada": 186, "valida": 131, "invalida": 46}, "percentagem_detec_sacada": 0.512396694214876, "percentagem_detec_valida": 0.3608815426997245, "percentagem_detec_invalida": 0.12672176308539945,