{"id": "experimento_4_trial_2", "Confianca": 0.2, "limiar_IOU": 0.1, "Kpx": 9.5475, "Kpy": 4.17, "Kpz": 22.8, "pos_inicial_x": 1294, "pos_inicial_y": 140, "pos_inicial_z": 169, "frame_time": 30000, "freq_widowX": 30, "velocidade": 60, "filtragemDistancia": true, "limiar_distancia_pixel": 18.10193359837562, "numero_objetos": 3, "tempo_alcance": 9.668417692184448, "taxa_acerto_percentual_tracking": 0.5574324324324325, "taxa_acerto_percentual_deteccoes": 0.793939393939394, "quantidade_deteccoes_tracking": 165, "quantidade_frames": 296, "objeto_de_interesse": 5, "vetor_classificacao_classes": "[5, 5, 1, 1, 5, 5, 5, 6, 1, 5, 5, 5, 5, 3, 1, 5, 3, 5, 5, 1, 1, 5, 5, 5, 5, 5, 5, 1, 5, 1, 5, 5, 5, 1, 5, 5, 1, 5, 5, 3, 1, 5, 5, 5, 5, 5, 5, 5, 1, 5, 1, 5, 5, 5, 5, 5, 5, 5, 1, 5, 5, 5, 5, 5, 5, 1, 1, 1, 1, 5, 1, 5, 5, 1, 1, 1, 5, 1, 1, 1, 1, 1, 5, 1, 1, 1, 1, 1, 1, 1, 1, 1, 1, 1, 1, 1, 1, 1, 5, 1, 1, 1, 1, 1, 1, 1, 1, 1, 1, 1, 1, 1, 1, 1, 1, 1, 1, 1, 1, 1, 1, 1, 1, 1, 1, 1, 1, 1, 1, 1, 1, 1, 1, 1, 1, 1, 1, 1, 1, 1, 2, 4, 1, 1, 1, 1, 1, 1, 1, 2, 1, 1, 1, 1, 4, 1, 1, 1, 1, 1, 1, 5, 1, 1, 1]", "taxa_acerto_deteccao": 0.32727272727272727, "qtde_predicoes_tensor": [0, 0, 0, 0, 1, 2, 1, 3, 2, 0, 3, 1, 2, 2, 1, 1, 0, 0, 0, 2, 1, 2, 2, 2, 3, 1, 2, 2, 1, 0, 1, 1, 0, 1, 1, 2, 2, 4, 1, 0, 1, 2, 3, 0, 2, 2, 2, 1, 1, 0, 0, 1, 0, 1, 3, 1, 0, 0, 0, 0, 0, 0, 1, 1, 2, 1, 1, 1, 1, 2, 1, 1, 1, 2, 2, 1, 1, 2, 1, 0, 1, 1, 0, 1, 2, 0, 1, 1, 2, 2, 3, 2, 1, 2, 2, 0, 2, 2, 2, 1, 0, 0, 0, 2, 2, 1, 2, 4, 2, 0, 2, 2, 0, 1, 0, 1, 1, 1, 2, 1, 0, 0, 0, 1, 1, 1, 1, 0, 0, 0, 0, 2, 1, 1, 1, 2, 2, 2, 1, 1, 2, 3, 2, 1, 1, 0, 1, 0, 1, 2, 1, 1, 1, 2, 1, 1, 0, 0, 2, 0, 0, 1, 0, 1, 0, 0, 1, 0, 1, 1, 0, 0, 1, 1, 0, 0, 0, 0, 1, 1, 1, 0, 1, 2, 1, 0, 2, 3, 0, 1, 1, 2, 1, 2, 0, 2, 1, 1, 2, 2, 2, 0, 0, 0, 0, 0, 1, 0, 0, 0, 0, 1, 0, 0, 0, 0, 0, 0, 0, 0, 0, 1, 1, 0, 1, 0, 0, 0, 0, 0, 1, 0, 1, 0, 0, 0, 0, 0, 0, 0, 0, 0, 0, 0, 1, 0, 0, 0, 0, 0, 0, 0, 1, 1, 1, 1, 1, 0, 0, 1, 1, 0, 0, 1, 0, 0, 0, 0, 0, 0, 0, 2, 0, 0, 0, 0, 1, 0, 0, 0, 0, 0, 0, 0, 0, 0, 1, 0, 0, 0, 0, 0, 0, 1, 1, 1], "qtde_deteccoes_acc_temp_totais": [5, 10, 15, 20, 25, 30, 35, 40, 45, 50, 55, 60, 65, 70, 75, 80, 85, 90, 95, 100, 105, 110, 115, 120, 125, 130, 135, 140, 145, 150, 155, 160, 165], "qtde_deteccoes_acc_temp_validas": [5, 10, 15, 20, 24, 29, 34, 38, 43, 48, 52, 57, 62, 67, 71, 76, 81, 86, 91, 96, 99, 103, 106, 109, 111, 113, 117, 119, 122, 125, 126, 129, 131], "taxa_deteccoes_acc_temp": [1.0, 1.0, 1.0, 1.0, 0.8, 1.0, 1.0, 0.8, 1.0, 1.0, 0.8, 1.0, 1.0, 1.0, 0.8, 1.0, 1.0, 1.0, 1.0, 1.0, 0.6, 0.8, 0.6, 0.6, 0.4, 0.4, 0.8, 0.4, 0.6, 0.6, 0.2, 0.6, 0.4], "tipo_deteccao": ["sacada", "sacada", "sacada", "sacada", "valida", "valida", "valida", "valida", "valida", "sacada", "valida", "valida", "valida", "valida", "valida", "valida", "sacada", "sacada", "sacada", "valida", "valida", "valida", "valida", "valida", "valida", "valida", "valida", "valida", "invalida", "sacada", "valida", "valida", "sacada", "valida", "valida", "valida", "valida", "valida", "valida", "sacada", "valida", "valida", "valida", "sacada", "valida", "valida", "valida", "valida", "invalida", "sacada", "sacada", "valida", "sacada", "valida", "valida", "valida", "sacada", "sacada", "sacada", "sacada", "sacada", "sacada", "valida", "valida", "valida", "valida", "valida", "valida", "valida", "valida", "valida", "invalida", "valida", "valida", "valida", "valida", "valida", "valida", "valida", "sacada", "valida", "valida", "sacada", "valida", "valida", "sacada", "valida", "valida", "valida", "valida", "valida", "valida", "valida", "valida", "valida", "sacada", "valida", "valida", "invalida", "valida", "sacada", "sacada", "sacada", "valida", "valida", "valida", "valida", "valida", "valida", "sacada", "valida", "valida", "sacada", "valida", "sacada", "valida", "valida", "valida", "valida", "valida", "sacada", "sacada", "sacada", "valida", "valida", "valida", "valida", "sacada", "sacada", "sacada", "sacada", "valida", "valida", "valida", "valida", "valida", "valida", "valida", "invalida", "valida", "valida", "valida", "invalida", "valida", "invalida", "sacada", "valida", "sacada", "valida", "valida", "valida", "valida", "invalida", "valida", "invalida", "valida", "sacada", "sacada", "invalida", "sacada", "sacada", "valida", "sacada", "valida", "sacada", "sacada", "invalida", "sacada", "valida", "valida", "sacada", "sacada", "invalida", "invalida", "sacada", "sacada", "sacada", "sacada", "invalida", "invalida", "valida", "sacada", "invalida", "invalida", "valida", "sacada", "valida", "valida", "sacada", "valida", "valida", "invalida", "invalida", "invalida", "sacada", "valida", "invalida", "valida", "invalida", "invalida", "valida", "sacada", "sacada", "sacada", "sacada", "sacada", "valida", "sacada", "sacada", "sacada", "sacada", "valida", "sacada", "sacada", "sacada", "sacada", "sacada", "sacada", "sacada", "sacada", "sacada", "valida", "valida", "sacada", "invalida", "sacada", "sacada", "sacada", "sacada", "sacada", "valida", "sacada", "invalida", "sacada", "sacada", "sacada", "sacada", "sacada", "sacada", "sacada", "sacada", "sacada", "sacada", "sacada", "invalida", "sacada", "sacada", "sacada", "sacada", "sacada", "sacada", "sacada", "invalida", "invalida", "valida", "invalida", "invalida", "sacada", "sacada", "valida", "valida", "sacada", "sacada", "valida", "sacada", "sacada", "sacada", "sacada", "sacada", "sacada", "sacada", "invalida", "sacada", "sacada", "sacada", "sacada", "invalida", "sacada", "sacada", "sacada", "sacada", "sacada", "sacada", "sacada", "sacada", "sacada", "invalida", "sacada", "sacada", "sacada", "sacada", "sacada", "sacada", "valida", "invalida", "valida"], "quantidade_tipo_deteccao": {"sacada": 131, "valida": 131, "invalida": 34}, "percentagem_detec_sacada": 0.44256756756756754, "percentagem_detec_valida": 0.44256756756756754, "percentagem_detec_invalida": 0.11486486486486487, "tempo_sacadas": [0.12644212999998672, 0.03835731100002704, 0.1026372359999641, 0.03859079800008658, 0.04060811099998318, 0.04010986599996613, 0.03688752400012163, 0.07066759899998942, 0.043914619999895876, 0.2056138779998946, 0.024537834999819097, 0.03718575699986104, 0.036498458000096434, 0.03699407100020835, 0.10453155000004699, 0.03713246200004505, 0.035306768000054944, 0.03564315400012674, 0.10212941999998293, 0.13727202799987026, 0.039530590999902415, 0.03767838000021584, 0.07120484699998997, 0.06799028399996132, 0.039064349999989645, 0.06461209899998721, 0.035148243000094226, 0.06895066100014446, 0.13238529399995969, 0.026403716999993776, 0.0354031770000347, 0.03901280599984602, 0.02921350099995834, 0.16387852800016844, 0.13546999599998344, 0.3032699020000109, 0.034861869999986084, 0.17352452799991624, 0.03744534899988139, 0.3506249019999359, 0.22417614900018634, 0.06533454100008385, 0.07621524099999988, 0.23310736999997062, 0.13063192699996762, 0.2978018429998883, 0.19557962099997894], "porcentagem_tempo_sacada": 0.459183750055486}