{"id": "experimento_3_trial_2", "Confianca": 0.2, "limiar_IOU": 0.1, "Kpx": 9.5475, "Kpy": 4.17, "Kpz": 22.8, "pos_inicial_x": 1294, "pos_inicial_y": 140, "pos_inicial_z": 169, "frame_time": 30000, "freq_widowX": 30, "velocidade": 60, "filtragemDistancia": true, "limiar_distancia_pixel": 18.10193359837562, "numero_objetos": 1, "tempo_alcance": 6.334584712982178, "taxa_acerto_percentual_tracking": 0.711340206185567, "taxa_acerto_percentual_deteccoes": 0.9492753623188406, "quantidade_deteccoes_tracking": 138, "quantidade_frames": 194, "objeto_de_interesse": 5, "vetor_classificacao_classes": "[5, 5, 5, 5, 5, 5, 5, 6, 5, 5, 5, 5, 1, 5, 5, 5, 5, 5, 5, 1, 5, 5, 5, 5, 1, 1, 1, 5, 5, 5, 5, 1, 5, 5, 1, 5, 5, 5, 5, 5, 5, 5, 5, 5, 5, 5, 5, 5, 5, 5, 5, 5, 5, 5, 1, 5, 5, 5, 5, 5, 5, 5, 5, 5, 5, 5, 1, 5, 5, 5, 5, 1, 5, 5, 1, 1, 1, 1, 5, 5, 1, 5, 5, 5, 5, 5, 1, 5, 5, 5, 1, 5, 1, 1, 1, 5, 5, 1, 1, 1, 1, 1, 1, 1, 5, 1, 1, 1, 1, 1, 1, 1, 1, 1, 1, 1, 1, 1, 1, 1, 1, 1, 1, 1, 1, 1, 1, 1, 1, 1, 1, 1, 3, 1, 1, 1, 1, 1]", "taxa_acerto_deteccao": 0.5579710144927537, "qtde_predicoes_tensor": [0, 0, 0, 0, 1, 2, 2, 2, 1, 1, 2, 2, 2, 0, 1, 1, 0, 0, 0, 1, 2, 1, 1, 1, 1, 2, 2, 3, 1, 0, 0, 1, 1, 1, 1, 1, 1, 1, 1, 1, 1, 2, 1, 1, 2, 2, 1, 1, 1, 1, 1, 1, 1, 1, 1, 1, 1, 1, 2, 1, 1, 1, 1, 1, 1, 0, 2, 1, 0, 2, 1, 1, 1, 1, 1, 0, 0, 1, 1, 1, 1, 0, 0, 1, 1, 1, 0, 0, 2, 1, 0, 2, 0, 0, 2, 1, 0, 2, 2, 1, 1, 1, 2, 1, 2, 1, 1, 1, 2, 1, 1, 2, 0, 2, 2, 1, 0, 1, 1, 0, 0, 2, 1, 1, 1, 0, 1, 2, 0, 2, 1, 1, 0, 0, 2, 1, 3, 0, 0, 0, 0, 0, 0, 2, 1, 1, 0, 1, 0, 1, 1, 1, 0, 1, 1, 1, 0, 0, 1, 1, 1, 0, 0, 0, 0, 0, 1, 0, 0, 0, 0, 1, 0, 0, 2, 1, 1, 1, 2, 1, 0, 1, 1, 1, 1, 1, 0, 0, 1, 1, 1, 0, 3, 1], "qtde_deteccoes_acc_temp_totais": [5, 10, 15, 20, 25, 30, 35, 40, 45, 50, 55, 60, 65, 70, 75, 80, 85, 90, 95, 100, 105, 110, 115, 120, 125, 130, 135], "qtde_deteccoes_acc_temp_validas": [5, 10, 15, 20, 25, 30, 35, 40, 45, 50, 55, 60, 65, 70, 75, 80, 85, 90, 95, 99, 103, 108, 113, 118, 123, 126, 129], "taxa_deteccoes_acc_temp": [1.0, 1.0, 1.0, 1.0, 1.0, 1.0, 1.0, 1.0, 1.0, 1.0, 1.0, 1.0, 1.0, 1.0, 1.0, 1.0, 1.0, 1.0, 1.0, 0.8, 0.8, 1.0, 1.0, 1.0, 1.0, 0.6, 0.6], "tipo_deteccao": ["sacada", "sacada", "sacada", "sacada", "valida", "valida", "valida", "valida", "valida", "valida", "valida", "valida", "valida", "sacada", "valida", "valida", "sacada", "sacada", "sacada", "valida", "valida", "valida", "valida", "valida", "valida", "valida", "valida", "valida", "valida", "sacada", "sacada", "valida", "valida", "valida", "valida", "valida", "valida", "valida", "valida", "valida", "valida", "valida", "valida", "valida", "valida", "valida", "valida", "valida", "valida", "valida", "valida", "valida", "valida", "valida", "valida", "valida", "valida", "valida", "valida", "valida", "valida", "valida", "valida", "valida", "valida", "sacada", "valida", "valida", "sacada", "valida", "valida", "valida", "valida", "valida", "valida", "sacada", "sacada", "valida", "valida", "valida", "valida", "sacada", "sacada", "valida", "valida", "valida", "sacada", "sacada", "valida", "valida", "sacada", "valida", "sacada", "sacada", "valida", "valida", "sacada", "valida", "valida", "valida", "valida", "valida", "valida", "valida", "valida", "valida", "valida", "valida", "valida", "valida", "valida", "valida", "sacada", "valida", "valida", "valida", "sacada", "valida", "valida", "sacada", "sacada", "valida", "valida", "valida", "invalida", "sacada", "valida", "valida", "sacada", "valida", "invalida", "valida", "sacada", "sacada", "valida", "valida", "valida", "sacada", "sacada", "sacada", "sacada", "sacada", "sacada", "valida", "valida", "valida", "sacada", "valida", "sacada", "valida", "valida", "valida", "sacada", "valida", "valida", "valida", "sacada", "sacada", "valida", "valida", "valida", "sacada", "sacada", "sacada", "sacada", "sacada", "valida", "sacada", "sacada", "sacada", "sacada", "valida", "sacada", "sacada", "valida", "valida", "valida", "valida", "invalida", "valida", "sacada", "invalida", "valida", "valida", "valida", "invalida", "sacada", "sacada", "invalida", "valida", "invalida", "sacada", "valida", "valida"], "quantidade_tipo_deteccao": {"sacada": 56, "valida": 131, "invalida": 7}, "percentagem_detec_sacada": 0.28865979381443296, "percentagem_detec_valida": 0.6752577319587629, "percentagem_detec_invalida": 0.03608247422680412, "tempo_sacadas": [0.1382725527510047, 0.043481575790792704, 0.1025529783219099, 0.06876989034935832, 0.03460004506632686, 0.03616552520543337, 0.06839408725500107, 0.06890180287882686, 0.06952827796339989, 0.03576463693752885, 0.06867449125275016, 0.03604002017527819, 0.0352724390104413, 0.034946857020258904, 0.0688911909237504, 0.022371916100382805, 0.03511640802025795, 0.069196208845824, 0.2034450019709766, 0.03545415215194225, 0.034895832650363445, 0.03553184028714895, 0.06872483994811773, 0.168922099750489, 0.13714320491999388, 0.06931394711136818, 0.03531874716281891, 0.0719153662212193, 0.03146382188424468], "porcentagem_tempo_sacada": 0.304529790875438}