{"id": "experimento_3_trial_3", "Confianca": 0.2, "limiar_IOU": 0.1, "Kpx": 9.5475, "Kpy": 4.17, "Kpz": 22.8, "pos_inicial_x": 1294, "pos_inicial_y": 140, "pos_inicial_z": 169, "frame_time": 30000, "freq_widowX": 30, "velocidade": 60, "filtragemDistancia": true, "limiar_distancia_pixel": 18.10193359837562, "numero_objetos": 1, "tempo_alcance": 6.24351954460144, "taxa_acerto_percentual_tracking": 0.7037037037037037, "taxa_acerto_percentual_deteccoes": 0.9849624060150376, "quantidade_deteccoes_tracking": 133, "quantidade_frames": 189, "objeto_de_interesse": 5, "vetor_classificacao_classes": "[5, 5, 5, 5, 5, 5, 5, 5, 5, 5, 5, 5, 5, 1, 5, 5, 5, 5, 5, 5, 5, 5, 5, 5, 1, 1, 5, 5, 5, 5, 5, 5, 5, 1, 5, 5, 5, 5, 5, 5, 5, 5, 5, 5, 5, 5, 5, 5, 5, 5, 5, 5, 5, 5, 5, 5, 5, 1, 5, 5, 5, 5, 5, 5, 5, 5, 5, 1, 1, 5, 5, 5, 1, 5, 1, 1, 5, 5, 5, 1, 5, 5, 1, 1, 5, 1, 5, 5, 5, 1, 5, 1, 1, 5, 1, 1, 1, 1, 1, 1, 1, 1, 1, 1, 1, 1, 1, 1, 1, 1, 1, 1, 1, 1, 1, 1, 1, 1, 1, 1, 1, 1, 1, 1, 1, 1, 1, 1, 1, 1, 1, 1, 1]", "taxa_acerto_deteccao": 0.5789473684210527, "qtde_predicoes_tensor": [0, 0, 0, 0, 2, 2, 2, 2, 2, 2, 1, 1, 1, 0, 1, 1, 0, 0, 0, 1, 1, 2, 2, 1, 2, 1, 2, 1, 0, 1, 1, 1, 1, 0, 2, 1, 0, 1, 1, 1, 1, 1, 1, 1, 0, 2, 2, 3, 2, 1, 1, 1, 1, 1, 0, 1, 1, 1, 1, 1, 2, 1, 0, 1, 1, 1, 1, 1, 1, 1, 1, 2, 0, 1, 1, 1, 1, 1, 0, 1, 0, 0, 1, 1, 0, 2, 0, 0, 1, 0, 0, 1, 1, 1, 1, 1, 0, 1, 1, 0, 0, 0, 0, 0, 2, 1, 1, 0, 0, 1, 2, 1, 1, 2, 0, 2, 2, 2, 2, 2, 2, 1, 2, 2, 2, 2, 1, 0, 0, 0, 1, 1, 1, 1, 1, 0, 0, 0, 1, 0, 1, 1, 0, 0, 1, 1, 0, 1, 1, 0, 1, 0, 0, 1, 0, 0, 0, 1, 1, 0, 0, 1, 1, 2, 1, 1, 1, 0, 0, 1, 0, 1, 1, 1, 1, 1, 1, 0, 1, 0, 1, 1, 1, 0, 2, 1, 1, 1, 1], "qtde_deteccoes_acc_temp_totais": [5, 10, 15, 20, 25, 30, 35, 40, 45, 50, 55, 60, 65, 70, 75, 80, 85, 90, 95, 100, 105, 110, 115, 120, 125, 130], "qtde_deteccoes_acc_temp_validas": [5, 10, 15, 20, 25, 30, 35, 40, 45, 50, 55, 60, 65, 70, 75, 80, 85, 90, 95, 100, 104, 109, 114, 119, 124, 128], "taxa_deteccoes_acc_temp": [1.0, 1.0, 1.0, 1.0, 1.0, 1.0, 1.0, 1.0, 1.0, 1.0, 1.0, 1.0, 1.0, 1.0, 1.0, 1.0, 1.0, 1.0, 1.0, 1.0, 0.8, 1.0, 1.0, 1.0, 1.0, 0.8], "tipo_deteccao": ["sacada", "sacada", "sacada", "sacada", "valida", "valida", "valida", "valida", "valida", "valida", "valida", "valida", "valida", "sacada", "valida", "valida", "sacada", "sacada", "sacada", "valida", "valida", "valida", "valida", "valida", "valida", "valida", "valida", "valida", "sacada", "valida", "valida", "valida", "valida", "sacada", "valida", "valida", "sacada", "valida", "valida", "valida", "valida", "valida", "valida", "valida", "sacada", "valida", "valida", "valida", "valida", "valida", "valida", "valida", "valida", "valida", "sacada", "valida", "valida", "valida", "valida", "valida", "valida", "valida", "sacada", "valida", "valida", "valida", "valida", "valida", "valida", "valida", "valida", "valida", "sacada", "valida", "valida", "valida", "valida", "valida", "sacada", "valida", "sacada", "sacada", "valida", "valida", "sacada", "valida", "sacada", "sacada", "valida", "sacada", "sacada", "valida", "valida", "valida", "valida", "valida", "sacada", "valida", "valida", "sacada", "sacada", "sacada", "sacada", "sacada", "valida", "valida", "valida", "sacada", "sacada", "valida", "valida", "valida", "valida", "valida", "sacada", "valida", "valida", "valida", "valida", "valida", "valida", "valida", "valida", "valida", "valida", "valida", "valida", "sacada", "sacada", "sacada", "valida", "valida", "valida", "valida", "valida", "sacada", "sacada", "sacada", "valida", "sacada", "valida", "valida", "sacada", "sacada", "valida", "invalida", "sacada", "valida", "valida", "sacada", "valida", "sacada", "sacada", "valida", "sacada", "sacada", "sacada", "valida", "valida", "sacada", "sacada", "valida", "valida", "valida", "valida", "valida", "valida", "sacada", "sacada", "valida", "sacada", "valida", "valida", "valida", "valida", "valida", "valida", "sacada", "valida", "sacada", "valida", "valida", "valida", "sacada", "valida", "invalida", "valida", "valida", "valida"], "quantidade_tipo_deteccao": {"sacada": 56, "valida": 131, "invalida": 2}, "percentagem_detec_sacada": 0.2962962962962963, "percentagem_detec_valida": 0.6931216931216931, "percentagem_detec_invalida": 0.010582010582010581, "tempo_sacadas": [0.13757732370868325, 0.032635181210935116, 0.10179717186838388, 0.03503368981182575, 0.03453300567343831, 0.03719481406733394, 0.03707555402070284, 0.03532139025628567, 0.036842347122728825, 0.03520942060276866, 0.0349495830014348, 0.06813032692298293, 0.035069887060672045, 0.06785099115222692, 0.0718566682189703, 0.03496110439300537, 0.1702377898618579, 0.06936956010758877, 0.036401801742613316, 0.10246947733685374, 0.10271941684186459, 0.03544260887429118, 0.06879197619855404, 0.021976217161864042, 0.03472598362714052, 0.06814102223142982, 0.10172425536438823, 0.06933866906911135, 0.06879299087449908, 0.03449363727122545, 0.03547094576060772, 0.03540228633210063, 0.036107661202549934], "porcentagem_tempo_sacada": 0.30874328897035136}