{"id": "experimento_3_trial_1", "Confianca": 0.2, "limiar_IOU": 0.1, "Kpx": 9.5475, "Kpy": 4.17, "Kpz": 22.8, "pos_inicial_x": 1294, "pos_inicial_y": 140, "pos_inicial_z": 169, "frame_time": 30000, "freq_widowX": 30, "velocidade": 60, "filtragemDistancia": true, "limiar_distancia_pixel": 18.10193359837562, "numero_objetos": 1, "tempo_alcance": 7.120253562927246, "taxa_acerto_percentual_tracking": 0.6186046511627907, "taxa_acerto_percentual_deteccoes": 0.9849624060150376, "quantidade_deteccoes_tracking": 133, "quantidade_frames": 215, "objeto_de_interesse": 5, "vetor_classificacao_classes": "[5, 5, 5, 5, 5, 5, 5, 5, 1, 1, 5, 5, 5, 5, 5, 5, 5, 5, 1, 1, 5, 5, 5, 5, 5, 5, 5, 5, 5, 5, 5, 5, 5, 6, 6, 5, 5, 5, 5, 5, 5, 5, 5, 5, 5, 5, 1, 5, 5, 5, 5, 1, 1, 5, 5, 5, 1, 5, 5, 5, 5, 5, 5, 5, 1, 5, 5, 5, 5, 1, 5, 1, 5, 5, 1, 5, 1, 5, 5, 1, 1, 1, 5, 1, 1, 1, 5, 5, 5, 1, 5, 5, 1, 1, 5, 5, 1, 5, 1, 1, 1, 1, 1, 1, 1, 1, 1, 1, 1, 5, 1, 1, 1, 1, 1, 1, 1, 1, 1, 1, 1, 1, 1, 1, 1, 1, 1, 1, 1, 1, 1, 1, 1]", "taxa_acerto_deteccao": 0.556390977443609, "qtde_predicoes_tensor": [0, 0, 0, 0, 1, 2, 1, 2, 1, 2, 2, 2, 3, 0, 2, 1, 0, 1, 0, 1, 2, 1, 2, 2, 1, 1, 0, 2, 0, 1, 1, 1, 1, 1, 1, 1, 2, 1, 2, 1, 1, 2, 3, 2, 2, 1, 2, 1, 1, 1, 0, 1, 1, 1, 1, 0, 0, 1, 0, 0, 0, 0, 0, 1, 1, 0, 1, 1, 1, 0, 2, 1, 0, 0, 1, 1, 0, 2, 1, 0, 1, 1, 1, 1, 0, 1, 1, 1, 1, 1, 1, 2, 2, 2, 1, 0, 0, 0, 0, 2, 1, 1, 2, 0, 2, 0, 2, 1, 2, 1, 0, 2, 2, 0, 2, 1, 2, 2, 1, 1, 2, 0, 0, 0, 0, 1, 0, 0, 2, 2, 1, 0, 0, 0, 0, 0, 1, 2, 2, 1, 0, 0, 2, 1, 0, 1, 1, 1, 0, 1, 1, 1, 0, 1, 1, 0, 1, 1, 3, 0, 0, 1, 1, 0, 1, 0, 0, 0, 1, 1, 1, 0, 0, 0, 0, 0, 0, 0, 1, 1, 0, 1, 1, 0, 0, 0, 0, 0, 0, 0, 0, 0, 1, 0, 1, 0, 0, 0, 0, 1, 0, 1, 0, 1, 1, 1, 0, 0, 1, 0, 1, 1, 2, 1, 1], "qtde_deteccoes_acc_temp_totais": [5, 10, 15, 20, 25, 30, 35, 40, 45, 50, 55, 60, 65, 70, 75, 80, 85, 90, 95, 100, 105, 110, 115, 120, 125, 130], "qtde_deteccoes_acc_temp_validas": [5, 10, 15, 20, 25, 30, 35, 40, 45, 50, 55, 60, 64, 69, 74, 79, 84, 89, 94, 99, 104, 109, 114, 119, 124, 128], "taxa_deteccoes_acc_temp": [1.0, 1.0, 1.0, 1.0, 1.0, 1.0, 1.0, 1.0, 1.0, 1.0, 1.0, 1.0, 0.8, 1.0, 1.0, 1.0, 1.0, 1.0, 1.0, 1.0, 1.0, 1.0, 1.0, 1.0, 1.0, 0.8], "tipo_deteccao": ["sacada", "sacada", "sacada", "sacada", "valida", "valida", "valida", "valida", "valida", "valida", "valida", "valida", "valida", "sacada", "valida", "valida", "sacada", "valida", "sacada", "valida", "valida", "valida", "valida", "valida", "valida", "valida", "sacada", "valida", "sacada", "valida", "valida", "valida", "valida", "valida", "valida", "valida", "valida", "valida", "valida", "valida", "valida", "valida", "valida", "valida", "valida", "valida", "valida", "valida", "valida", "valida", "sacada", "valida", "valida", "valida", "valida", "sacada", "sacada", "valida", "sacada", "sacada", "sacada", "sacada", "sacada", "valida", "valida", "sacada", "valida", "valida", "valida", "sacada", "valida", "valida", "sacada", "sacada", "valida", "valida", "sacada", "valida", "valida", "sacada", "valida", "valida", "valida", "valida", "sacada", "valida", "valida", "valida", "invalida", "valida", "valida", "valida", "valida", "valida", "valida", "sacada", "sacada", "sacada", "sacada", "valida", "valida", "valida", "valida", "sacada", "valida", "sacada", "valida", "valida", "valida", "valida", "sacada", "valida", "valida", "sacada", "valida", "valida", "valida", "valida", "valida", "valida", "valida", "sacada", "sacada", "sacada", "sacada", "valida", "sacada", "sacada", "valida", "valida", "valida", "sacada", "sacada", "sacada", "sacada", "sacada", "valida", "valida", "valida", "valida", "sacada", "sacada", "valida", "valida", "sacada", "valida", "valida", "valida", "sacada", "valida", "valida", "valida", "sacada", "valida", "valida", "sacada", "valida", "valida", "valida", "sacada", "sacada", "valida", "valida", "sacada", "valida", "sacada", "sacada", "sacada", "valida", "valida", "valida", "sacada", "sacada", "sacada", "sacada", "sacada", "sacada", "sacada", "valida", "valida", "sacada", "valida", "valida", "sacada", "sacada", "sacada", "sacada", "sacada", "sacada", "sacada", "sacada", "sacada", "valida", "sacada", "valida", "sacada", "sacada", "sacada", "sacada", "valida", "sacada", "valida", "sacada", "valida", "valida", "invalida", "sacada", "sacada", "valida", "sacada", "valida", "valida", "valida", "valida", "valida"], "quantidade_tipo_deteccao": {"sacada": 82, "valida": 131, "invalida": 2}, "percentagem_detec_sacada": 0.3813953488372093, "percentagem_detec_valida": 0.6093023255813953, "percentagem_detec_invalida": 0.009302325581395349, "tempo_sacadas": [0.12955809477716684, 0.028969035018235445, 0.034761265851557255, 0.034904877189546824, 0.03571170195937157, 0.036535694263875484, 0.03458056226372719, 0.06837095180526376, 0.16815939731895924, 0.03568762307986617, 0.03504777513444424, 0.0680970661342144, 0.03516934299841523, 0.03576658898964524, 0.04055031295865774, 0.13641472812741995, 0.03529458399862051, 0.034960540011525154, 0.03577759116888046, 0.034942302387207747, 0.13432757975533605, 0.06801917916163802, 0.17131907725706697, 0.07133900187909603, 0.03565868269652128, 0.03639928111806512, 0.035465165972709656, 0.0347837470471859, 0.06914068665355444, 0.03538816189393401, 0.10448790341615677, 0.23836968885734677, 0.03564509283751249, 0.3025792739354074, 0.03492877399548888, 0.13600871479138732, 0.03477055672556162, 0.034958625212311745, 0.05812001088634133, 0.035359560046344995], "porcentagem_tempo_sacada": 0.39413326713351515}