{"id": "experimento_3_trial_5", "Confianca": 0.2, "limiar_IOU": 0.1, "Kpx": 9.5475, "Kpy": 4.17, "Kpz": 22.8, "pos_inicial_x": 1294, "pos_inicial_y": 140, "pos_inicial_z": 169, "frame_time": 30000, "freq_widowX": 30, "velocidade": 60, "filtragemDistancia": true, "limiar_distancia_pixel": 18.10193359837562, "numero_objetos": 1, "tempo_alcance": 8.694928169250488, "taxa_acerto_percentual_tracking": 0.5375939849624061, "taxa_acerto_percentual_deteccoes": 0.916083916083916, "quantidade_deteccoes_tracking": 143, "quantidade_frames": 266, "objeto_de_interesse": 5, "vetor_classificacao_classes": "[5, 1, 5, 5, 5, 5, 5, 5, 5, 1, 5, 5, 5, 5, 5, 5, 1, 1, 5, 5, 5, 5, 5, 5, 5, 5, 5, 5, 5, 1, 1, 1, 5, 5, 5, 5, 5, 5, 5, 5, 5, 5, 1, 5, 5, 5, 5, 1, 5, 5, 5, 1, 5, 5, 1, 5, 5, 5, 5, 5, 5, 5, 5, 5, 5, 5, 5, 5, 5, 5, 5, 5, 5, 5, 5, 5, 5, 5, 5, 5, 1, 1, 1, 1, 5, 1, 1, 5, 5, 1, 1, 1, 1, 5, 5, 5, 1, 1, 1, 5, 1, 1, 1, 1, 1, 1, 1, 1, 1, 1, 1, 1, 1, 1, 1, 1, 1, 1, 1, 1, 1, 1, 1, 1, 2, 2, 1, 1, 1, 1, 1, 1, 1, 1, 1, 1, 1, 1, 1, 1, 1, 1, 1]", "taxa_acerto_deteccao": 0.5314685314685315, "qtde_predicoes_tensor": [0, 0, 0, 0, 2, 1, 2, 1, 0, 1, 3, 2, 2, 0, 1, 2, 0, 0, 0, 1, 1, 1, 1, 2, 1, 1, 1, 1, 1, 0, 1, 1, 1, 0, 1, 1, 1, 1, 1, 1, 2, 1, 2, 1, 1, 1, 0, 0, 1, 0, 1, 1, 1, 1, 0, 0, 1, 1, 0, 1, 1, 1, 1, 1, 2, 0, 1, 0, 1, 2, 1, 0, 1, 1, 0, 2, 2, 1, 3, 1, 1, 0, 2, 0, 1, 0, 0, 0, 0, 1, 1, 1, 1, 0, 1, 1, 1, 0, 1, 1, 1, 0, 1, 1, 1, 1, 1, 1, 1, 0, 1, 2, 1, 1, 1, 2, 0, 0, 1, 1, 2, 2, 0, 0, 0, 0, 1, 0, 0, 1, 0, 0, 1, 2, 2, 0, 2, 2, 1, 0, 0, 0, 1, 0, 0, 1, 2, 0, 0, 0, 0, 0, 1, 1, 1, 0, 0, 0, 0, 0, 1, 0, 2, 1, 0, 0, 2, 0, 0, 0, 0, 1, 0, 0, 0, 0, 1, 0, 0, 0, 1, 1, 1, 0, 0, 0, 0, 0, 1, 1, 1, 0, 0, 1, 0, 0, 1, 0, 0, 1, 1, 0, 0, 1, 1, 0, 1, 0, 1, 0, 1, 0, 0, 0, 0, 0, 0, 0, 0, 0, 0, 0, 0, 0, 0, 1, 0, 1, 0, 0, 0, 1, 1, 0, 0, 1, 0, 0, 0, 0, 2, 1, 0, 0, 0, 1, 1, 0, 0, 1, 0, 0, 1, 1, 0, 0, 2, 1, 0, 0, 0, 1, 2, 1, 1, 2], "qtde_deteccoes_acc_temp_totais": [5, 10, 15, 20, 25, 30, 35, 40, 45, 50, 55, 60, 65, 70, 75, 80, 85, 90, 95, 100, 105, 110, 115, 120, 125, 130, 135, 140], "qtde_deteccoes_acc_temp_validas": [5, 10, 15, 20, 25, 30, 35, 40, 45, 50, 54, 59, 64, 69, 74, 79, 84, 89, 94, 99, 104, 109, 113, 118, 122, 124, 127, 128], "taxa_deteccoes_acc_temp": [1.0, 1.0, 1.0, 1.0, 1.0, 1.0, 1.0, 1.0, 1.0, 1.0, 0.8, 1.0, 1.0, 1.0, 1.0, 1.0, 1.0, 1.0, 1.0, 1.0, 1.0, 1.0, 0.8, 1.0, 0.8, 0.4, 0.6, 0.2], "tipo_deteccao": ["sacada", "sacada", "sacada", "sacada", "valida", "valida", "valida", "valida", "sacada", "valida", "valida", "valida", "valida", "sacada", "valida", "valida", "sacada", "sacada", "sacada", "valida", "valida", "valida", "valida", "valida", "valida", "valida", "valida", "valida", "valida", "sacada", "valida", "valida", "valida", "sacada", "valida", "valida", "valida", "valida", "valida", "valida", "valida", "valida", "valida", "valida", "valida", "valida", "sacada", "sacada", "valida", "sacada", "valida", "valida", "valida", "valida", "sacada", "sacada", "valida", "valida", "sacada", "valida", "valida", "valida", "valida", "valida", "valida", "sacada", "valida", "sacada", "valida", "valida", "valida", "sacada", "valida", "valida", "sacada", "invalida", "valida", "valida", "valida", "valida", "valida", "sacada", "valida", "sacada", "valida", "sacada", "sacada", "sacada", "sacada", "valida", "valida", "valida", "valida", "sacada", "valida", "valida", "valida", "sacada", "valida", "valida", "valida", "sacada", "valida", "valida", "valida", "valida", "valida", "valida", "valida", "sacada", "valida", "valida", "valida", "valida", "valida", "valida", "sacada", "sacada", "valida", "valida", "valida", "valida", "sacada", "sacada", "sacada", "sacada", "valida", "sacada", "sacada", "valida", "sacada", "sacada", "valida", "valida", "valida", "sacada", "valida", "valida", "valida", "sacada", "sacada", "sacada", "valida", "sacada", "sacada", "valida", "valida", "sacada", "sacada", "sacada", "sacada", "sacada", "valida", "valida", "valida", "sacada", "sacada", "sacada", "sacada", "sacada", "valida", "sacada", "valida", "valida", "sacada", "sacada", "valida", "sacada", "sacada", "sacada", "sacada", "valida", "sacada", "sacada", "sacada", "sacada", "valida", "sacada", "sacada", "sacada", "valida", "valida", "invalida", "sacada", "sacada", "sacada", "sacada", "sacada", "valida", "valida", "valida", "sacada", "sacada", "valida", "sacada", "sacada", "valida", "sacada", "sacada", "valida", "valida", "sacada", "sacada", "valida", "valida", "sacada", "valida", "sacada", "valida", "sacada", "valida", "sacada", "sacada", "sacada", "sacada", "sacada", "sacada", "sacada", "sacada", "sacada", "sacada", "sacada", "sacada", "sacada", "sacada", "invalida", "sacada", "invalida", "sacada", "sacada", "sacada", "invalida", "valida", "sacada", "sacada", "invalida", "sacada", "sacada", "sacada", "sacada", "valida", "valida", "sacada", "sacada", "sacada", "invalida", "valida", "sacada", "sacada", "valida", "sacada", "sacada", "invalida", "invalida", "sacada", "sacada", "invalida", "invalida", "sacada", "sacada", "sacada", "invalida", "valida", "valida", "valida", "valida"], "quantidade_tipo_deteccao": {"sacada": 123, "valida": 131, "invalida": 12}, "percentagem_detec_sacada": 0.462406015037594, "percentagem_detec_valida": 0.4924812030075188, "percentagem_detec_invalida": 0.045112781954887216, "tempo_sacadas": [0.13514185091480613, 0.03614844102412462, 0.03476169519126415, 0.10289192106574774, 0.036596282850950956, 0.03578278608620167, 0.06851326394826174, 0.03465178981423378, 0.06888150097802281, 0.03551346389576793, 0.035488746128976345, 0.03494923422113061, 0.034564511850476265, 0.0347407809458673, 0.03545123478397727, 0.03489561378955841, 0.13555319793522358, 0.03511109994724393, 0.034902255050837994, 0.03524477407336235, 0.03489273227751255, 0.06946545606479049, 0.1377155720256269, 0.06880787713453174, 0.06922591710463166, 0.03604551497846842, 0.10269130580127239, 0.06931355455890298, 0.16875649383291602, 0.1691436292603612, 0.03597004199400544, 0.0696531180292368, 0.13624052796512842, 0.13560906797647476, 0.10203685704618692, 0.15680238604545593, 0.06884608883410692, 0.068813047837466, 0.06821623118594289, 0.06794151430949569, 0.03488539485260844, 0.034748717211186886, 0.03480415092781186, 0.47798348823562264, 0.02139338804408908, 0.08664076076820493, 0.06669824989512563, 0.13849824806675315, 0.09634903911501169, 0.06431243382394314, 0.07898550573736429, 0.07193158473819494, 0.096729198936373], "porcentagem_tempo_sacada": 0.4807321530145721}