{"id": "experimento_3_trial_4", "Confianca": 0.2, "limiar_IOU": 0.1, "Kpx": 9.5475, "Kpy": 4.17, "Kpz": 22.8, "pos_inicial_x": 1294, "pos_inicial_y": 140, "pos_inicial_z": 169, "frame_time": 30000, "freq_widowX": 30, "velocidade": 60, "filtragemDistancia": true, "limiar_distancia_pixel": 18.10193359837562, "numero_objetos": 1, "tempo_alcance": 6.948049783706665, "taxa_acerto_percentual_tracking": 0.6367924528301887, "taxa_acerto_percentual_deteccoes": 0.9703703703703703, "quantidade_deteccoes_tracking": 135, "quantidade_frames": 212, "objeto_de_interesse": 5, "vetor_classificacao_classes": "[5, 5, 5, 5, 5, 5, 5, 5, 5, 1, 5, 5, 5, 5, 5, 5, 5, 5, 5, 5, 5, 5, 5, 5, 5, 5, 5, 5, 5, 5, 5, 5, 5, 1, 5, 5, 5, 5, 5, 5, 5, 5, 5, 5, 5, 5, 1, 5, 5, 5, 5, 5, 1, 5, 5, 5, 5, 1, 5, 5, 5, 5, 5, 5, 5, 1, 5, 5, 1, 1, 1, 1, 1, 5, 5, 5, 1, 1, 1, 1, 5, 5, 5, 1, 5, 1, 1, 5, 1, 1, 1, 1, 1, 5, 1, 5, 1, 1, 1, 1, 1, 1, 1, 1, 1, 1, 1, 1, 1, 1, 1, 1, 1, 1, 5, 1, 1, 1, 1, 1, 1, 1, 1, 1, 1, 1, 1, 1, 1, 1, 1, 1, 1, 1, 1]", "taxa_acerto_deteccao": 0.5407407407407407, "qtde_predicoes_tensor": [0, 0, 0, 0, 1, 1, 1, 2, 1, 2, 2, 2, 1, 1, 1, 1, 0, 0, 0, 1, 1, 1, 1, 1, 1, 1, 1, 1, 0, 0, 1, 1, 1, 0, 1, 1, 1, 1, 0, 0, 0, 0, 1, 0, 1, 1, 1, 1, 1, 0, 0, 2, 1, 1, 0, 1, 1, 1, 1, 0, 1, 1, 1, 1, 1, 0, 0, 2, 1, 1, 1, 0, 0, 1, 1, 1, 1, 1, 1, 0, 1, 0, 0, 0, 1, 1, 0, 0, 0, 0, 0, 2, 1, 2, 1, 0, 1, 1, 2, 0, 1, 1, 2, 2, 1, 0, 0, 1, 1, 0, 1, 1, 2, 1, 2, 1, 1, 2, 1, 1, 0, 1, 2, 2, 1, 2, 1, 0, 0, 1, 1, 1, 0, 1, 2, 1, 2, 1, 0, 1, 0, 0, 1, 1, 1, 1, 1, 1, 0, 1, 1, 0, 0, 1, 1, 1, 1, 0, 0, 0, 1, 0, 1, 1, 0, 1, 2, 0, 1, 0, 0, 1, 0, 0, 0, 0, 1, 1, 0, 1, 0, 0, 0, 1, 0, 1, 0, 0, 1, 1, 0, 1, 0, 0, 1, 0, 0, 0, 1, 1, 1, 0, 0, 0, 1, 2, 1, 1, 1, 0, 0, 2], "qtde_deteccoes_acc_temp_totais": [5, 10, 15, 20, 25, 30, 35, 40, 45, 50, 55, 60, 65, 70, 75, 80, 85, 90, 95, 100, 105, 110, 115, 120, 125, 130, 135], "qtde_deteccoes_acc_temp_validas": [5, 10, 15, 20, 25, 30, 35, 40, 45, 50, 55, 60, 65, 70, 75, 80, 84, 89, 94, 99, 104, 109, 114, 119, 123, 128, 131], "taxa_deteccoes_acc_temp": [1.0, 1.0, 1.0, 1.0, 1.0, 1.0, 1.0, 1.0, 1.0, 1.0, 1.0, 1.0, 1.0, 1.0, 1.0, 1.0, 0.8, 1.0, 1.0, 1.0, 1.0, 1.0, 1.0, 1.0, 0.8, 1.0, 0.6], "tipo_deteccao": ["sacada", "sacada", "sacada", "sacada", "valida", "valida", "valida", "valida", "valida", "valida", "valida", "valida", "valida", "valida", "valida", "valida", "sacada", "sacada", "sacada", "valida", "valida", "valida", "valida", "valida", "valida", "valida", "valida", "valida", "sacada", "sacada", "valida", "valida", "valida", "sacada", "valida", "valida", "valida", "valida", "sacada", "sacada", "sacada", "sacada", "valida", "sacada", "valida", "valida", "valida", "valida", "valida", "sacada", "sacada", "valida", "valida", "valida", "sacada", "valida", "valida", "valida", "valida", "sacada", "valida", "valida", "valida", "valida", "valida", "sacada", "sacada", "valida", "valida", "valida", "valida", "sacada", "sacada", "valida", "valida", "valida", "valida", "valida", "valida", "sacada", "valida", "sacada", "sacada", "sacada", "valida", "valida", "sacada", "sacada", "sacada", "sacada", "sacada", "valida", "valida", "valida", "valida", "sacada", "valida", "valida", "valida", "sacada", "valida", "valida", "valida", "valida", "valida", "sacada", "sacada", "valida", "valida", "sacada", "valida", "valida", "valida", "valida", "valida", "valida", "valida", "valida", "valida", "valida", "sacada", "invalida", "valida", "valida", "valida", "valida", "valida", "sacada", "sacada", "valida", "valida", "valida", "sacada", "valida", "valida", "valida", "valida", "valida", "sacada", "valida", "sacada", "sacada", "valida", "valida", "valida", "valida", "valida", "valida", "sacada", "valida", "valida", "sacada", "sacada", "valida", "valida", "valida", "valida", "sacada", "sacada", "sacada", "valida", "sacada", "valida", "valida", "sacada", "valida", "valida", "sacada", "valida", "sacada", "sacada", "valida", "sacada", "sacada", "sacada", "sacada", "valida", "valida", "sacada", "valida", "sacada", "sacada", "sacada", "valida", "sacada", "valida", "sacada", "sacada", "valida", "valida", "sacada", "invalida", "sacada", "sacada", "valida", "sacada", "sacada", "sacada", "valida", "valida", "valida", "sacada", "sacada", "sacada", "valida", "invalida", "invalida", "valida", "valida", "sacada", "sacada", "valida"], "quantidade_tipo_deteccao": {"sacada": 77, "valida": 131, "invalida": 4}, "percentagem_detec_sacada": 0.3632075471698113, "percentagem_detec_valida": 0.6179245283018868, "percentagem_detec_invalida": 0.018867924528301886, "tempo_sacadas": [0.13531380286440253, 0.10595555510371923, 0.07002758095040917, 0.03455203678458929, 0.13525262055918574, 0.034498969092965126, 0.06904439488425851, 0.03494950570166111, 0.03530245879665017, 0.06989118410274386, 0.06961047695949674, 0.03461722191423178, 0.10213368898257613, 0.17267434298992157, 0.034202957060188055, 0.03514491207897663, 0.06903754267841578, 0.036530015990138054, 0.03476060973480344, 0.06920318398624659, 0.03527668071910739, 0.035489067900925875, 0.06921153422445059, 0.03453711559996009, 0.06861037807539105, 0.10246230475604534, 0.036022416315972805, 0.03505421197041869, 0.03543657390400767, 0.06882482394576073, 0.13535522483289242, 0.035439654253423214, 0.10182963823899627, 0.04076497722417116, 0.06821507075801492, 0.03522661281749606, 0.05631738482043147, 0.102413360029459, 0.10393914394080639, 0.06885396270081401], "porcentagem_tempo_sacada": 0.38168742032664843}