{"id": "experimento_2_trial_1", "Confianca": 0.2, "limiar_IOU": 0.1, "Kpx": 9.5475, "Kpy": 4.17, "Kpz": 22.8, "pos_inicial_x": 1294, "pos_inicial_y": 140, "pos_inicial_z": 169, "frame_time": 30000, "freq_widowX": 30, "velocidade": 60, "filtragemDistancia": true, "limiar_distancia_pixel": 18.10193359837562, "numero_objetos": 3, "tempo_alcance": 20.974342823028564, "taxa_acerto_percentual_tracking": 0.365625, "taxa_acerto_percentual_deteccoes": 0.5598290598290598, "quantidade_deteccoes_tracking": 234, "quantidade_frames": 640, "objeto_de_interesse": 3, "vetor_classificacao_classes": "[3, 2, 2, 2, 2, 2, 2, 2, 2, 2, 2, 2, 2, 2, 2, 2, 2, 3, 3, 3, 2, 3, 2, 2, 2, 3, 3, 3, 2, 3, 3, 2, 2, 2, 2, 2, 2, 3, 2, 3, 3, 3, 2, 2, 3, 3, 3, 2, 3, 3, 3, 2, 2, 3, 3, 1, 2, 3, 3, 3, 3, 3, 6, 3, 3, 3, 3, 3, 2, 2, 2, 2, 3, 3, 1, 3, 3, 3, 3, 3, 3, 3, 3, 2, 3, 3, 3, 3, 3, 2, 2, 3, 2, 2, 6, 3, 3, 1, 2, 2, 3, 2, 3, 3, 2, 2, 2, 3, 2, 2, 3, 3, 3, 3, 2, 3, 3, 3, 3, 3, 2, 2, 3, 2, 2, 6, 2, 6, 3, 2, 6, 6, 3, 3, 3, 2, 3, 3, 3, 3, 2, 3, 3, 6, 6, 3, 3, 2, 2, 3, 2, 3, 6, 3, 3, 3, 3, 3, 3, 3, 3, 3, 3, 3, 3, 3, 3, 3, 3, 3, 3, 3, 3, 2, 2, 3, 2, 2, 3, 3, 3, 3, 3, 6, 2, 3, 3, 6, 6, 3, 3, 3, 3, 6, 2, 3, 3, 6, 3, 3, 3, 6, 3, 3, 6, 6, 3, 3, 3, 3, 6, 2, 3, 3, 3, 2, 6, 6, 3, 3, 3, 3, 3, 3, 3, 3, 3, 6, 3, 3, 3, 6, 6, 3]", "taxa_acerto_deteccao": 0.5854700854700855, "qtde_predicoes_tensor": [0, 0, 0, 0, 0, 0, 0, 0, 0, 1, 2, 0, 0, 0, 0, 0, 0, 0, 0, 0, 0, 0, 0, 0, 0, 0, 1, 1, 0, 0, 0, 0, 0, 1, 1, 0, 0, 0, 0, 1, 0, 0, 0, 0, 0, 0, 0, 0, 1, 1, 0, 0, 0, 0, 0, 0, 0, 1, 1, 0, 0, 1, 1, 1, 0, 0, 0, 0, 0, 1, 0, 0, 0, 0, 0, 1, 1, 0, 0, 0, 0, 1, 0, 0, 0, 1, 0, 1, 1, 0, 0, 1, 0, 0, 0, 0, 0, 0, 0, 0, 0, 0, 0, 0, 1, 1, 0, 0, 0, 0, 1, 1, 1, 1, 1, 0, 1, 0, 0, 1, 0, 1, 0, 0, 0, 0, 0, 0, 1, 1, 0, 0, 0, 1, 1, 1, 1, 1, 1, 1, 1, 1, 1, 0, 0, 1, 1, 1, 1, 0, 1, 0, 0, 0, 0, 0, 1, 0, 0, 0, 0, 0, 0, 0, 0, 0, 0, 0, 0, 0, 0, 0, 0, 0, 1, 0, 0, 0, 0, 0, 0, 0, 1, 1, 0, 0, 0, 1, 1, 0, 0, 2, 1, 1, 0, 0, 1, 0, 2, 1, 2, 1, 1, 0, 1, 0, 2, 1, 0, 0, 0, 0, 1, 0, 0, 1, 1, 1, 1, 0, 0, 1, 0, 0, 2, 3, 1, 1, 1, 1, 0, 0, 1, 1, 1, 2, 0, 0, 1, 1, 0, 1, 1, 1, 1, 0, 0, 1, 1, 1, 1, 1, 2, 0, 1, 1, 0, 0, 3, 1, 1, 1, 1, 0, 0, 2, 0, 0, 2, 1, 0, 0, 0, 0, 1, 0, 1, 1, 0, 1, 0, 0, 0, 0, 0, 0, 0, 1, 0, 0, 0, 0, 0, 0, 0, 0, 0, 0, 0, 0, 0, 0, 0, 0, 0, 0, 0, 0, 1, 0, 0, 1, 0, 1, 0, 0, 0, 0, 0, 0, 0, 0, 0, 0, 0, 0, 0, 0, 1, 1, 0, 1, 0, 1, 1, 0, 0, 1, 0, 1, 0, 1, 0, 1, 0, 0, 0, 0, 0, 0, 0, 0, 0, 0, 0, 0, 0, 0, 0, 0, 0, 0, 0, 0, 0, 1, 0, 0, 0, 0, 0, 0, 0, 0, 0, 0, 0, 1, 0, 0, 0, 0, 0, 0, 1, 2, 1, 1, 0, 0, 1, 0, 1, 0, 0, 2, 1, 1, 1, 0, 1, 1, 0, 0, 1, 0, 0, 2, 0, 1, 0, 0, 1, 0, 1, 2, 0, 0, 0, 1, 0, 1, 1, 0, 0, 0, 0, 0, 1, 0, 1, 1, 1, 0, 0, 0, 0, 0, 0, 0, 1, 0, 1, 1, 0, 0, 0, 0, 0, 0, 0, 0, 0, 0, 0, 1, 2, 0, 0, 1, 1, 0, 0, 1, 0, 0, 0, 1, 0, 0, 0, 0, 1, 1, 0, 0, 1, 1, 0, 0, 0, 0, 1, 0, 1, 1, 1, 0, 0, 1, 1, 1, 0, 2, 1, 1, 0, 0, 0, 0, 0, 1, 0, 0, 1, 0, 1, 0, 1, 1, 1, 0, 0, 0, 0, 0, 1, 0, 1, 0, 1, 0, 0, 1, 0, 0, 0, 0, 1, 0, 0, 0, 0, 0, 0, 0, 0, 2, 1, 1, 0, 0, 0, 0, 1, 0, 2, 1, 0, 0, 1, 0, 1, 0, 1, 1, 2, 0, 0, 0, 1, 1, 0, 2, 2, 0, 1, 1, 1, 0, 0, 2, 1, 0, 1, 2, 1, 0, 1, 1, 1, 0, 1, 1, 1, 0, 0, 1, 0, 1, 0, 2, 1, 1, 0, 2, 1, 0, 0, 1, 1, 0, 0, 1, 1, 0, 1, 1, 0, 0, 1, 0, 0, 0, 0, 0, 0, 1, 0, 0, 1, 0, 0, 0, 0, 1, 1, 1, 0, 0, 1, 1, 0, 0, 0, 0, 0, 0, 0, 1], "qtde_deteccoes_acc_temp_totais": [5, 10, 15, 20, 25, 30, 35, 40, 45, 50, 55, 60, 65, 70, 75, 80, 85, 90, 95, 100, 105, 110, 115, 120, 125, 130, 135, 140, 145, 150, 155, 160, 165, 170, 175, 180, 185, 190, 195, 200, 205, 210, 215, 220, 225, 230], "qtde_deteccoes_acc_temp_validas": [1, 1, 1, 4, 4, 7, 7, 9, 12, 16, 19, 21, 24, 26, 27, 32, 35, 39, 40, 42, 44, 45, 49, 54, 55, 56, 59, 63, 65, 68, 71, 76, 81, 85, 88, 91, 94, 97, 101, 106, 111, 115, 117, 120, 125, 129], "taxa_deteccoes_acc_temp": [0.2, 0.0, 0.0, 0.6, 0.0, 0.6, 0.0, 0.4, 0.6, 0.8, 0.6, 0.4, 0.6, 0.4, 0.2, 1.0, 0.6, 0.8, 0.2, 0.4, 0.4, 0.2, 0.8, 1.0, 0.2, 0.2, 0.6, 0.8, 0.4, 0.6, 0.6, 1.0, 1.0, 0.8, 0.6, 0.6, 0.6, 0.6, 0.8, 1.0, 1.0, 0.8, 0.4, 0.6, 1.0, 0.8],