{"id": "experimento_2_trial_4", "Confianca": 0.2, "limiar_IOU": 0.1, "Kpx": 9.5475, "Kpy": 4.17, "Kpz": 22.8, "pos_inicial_x": 1294, "pos_inicial_y": 140, "pos_inicial_z": 169, "frame_time": 30000, "freq_widowX": 30, "velocidade": 60, "filtragemDistancia": true, "limiar_distancia_pixel": 18.10193359837562, "numero_objetos": 3, "tempo_alcance": 17.386507987976074, "taxa_acerto_percentual_tracking": 0.3754716981132076, "taxa_acerto_percentual_deteccoes": 0.6582914572864321, "quantidade_deteccoes_tracking": 199, "quantidade_frames": 530, "objeto_de_interesse": 3, "vetor_classificacao_classes": "[3, 2, 3, 2, 4, 3, 3, 3, 3, 3, 3, 3, 3, 3, 2, 2, 3, 2, 2, 3, 3, 3, 3, 3, 2, 2, 3, 3, 3, 3, 3, 3, 3, 3, 3, 3, 3, 3, 2, 3, 3, 3, 3, 3, 2, 2, 3, 3, 3, 3, 3, 3, 3, 3, 1, 3, 2, 3, 3, 3, 3, 3, 6, 2, 3, 3, 3, 3, 6, 3, 3, 2, 3, 2, 2, 2, 6, 3, 3, 2, 3, 3, 3, 3, 3, 3, 2, 3, 2, 3, 3, 3, 3, 3, 6, 6, 3, 3, 6, 3, 3, 2, 2, 3, 6, 3, 3, 3, 3, 3, 2, 3, 3, 6, 3, 3, 3, 3, 3, 6, 6, 2, 3, 3, 6, 3, 3, 3, 3, 3, 3, 3, 6, 3, 3, 6, 2, 3, 2, 2, 3, 1, 2, 3, 3, 2, 2, 3, 3, 3, 3, 3, 3, 6, 6, 6, 2, 3, 3, 3, 3, 3, 3, 3, 6, 6, 6, 6, 3, 3, 6, 3, 3, 3, 3, 3, 3, 3, 6, 3, 6, 3, 2, 3, 3, 6, 6, 3, 3, 6, 6, 6, 6, 6, 3, 3, 3, 3, 3]", "taxa_acerto_deteccao": 0.6733668341708543, "qtde_predicoes_tensor": [0, 0, 0, 0, 0, 1, 0, 1, 1, 0, 1, 1, 0, 0, 0, 0, 0, 0, 0, 0, 0, 0, 0, 0, 0, 0, 0, 1, 0, 0, 1, 1, 1, 0, 1, 0, 1, 1, 0, 1, 0, 0, 2, 1, 0, 0, 0, 0, 1, 2, 0, 0, 1, 0, 1, 0, 0, 1, 1, 0, 0, 0, 2, 0, 0, 0, 1, 0, 1, 0, 0, 0, 0, 0, 0, 0, 1, 1, 2, 1, 1, 1, 1, 1, 2, 1, 0, 0, 1, 1, 2, 1, 1, 0, 1, 1, 1, 0, 1, 0, 1, 0, 0, 0, 0, 0, 0, 0, 0, 1, 1, 0, 1, 0, 0, 0, 0, 0, 0, 2, 1, 1, 0, 0, 1, 2, 1, 1, 2, 2, 0, 0, 1, 0, 0, 1, 0, 1, 1, 0, 0, 0, 1, 1, 0, 0, 1, 0, 0, 0, 0, 1, 0, 1, 0, 0, 0, 0, 0, 0, 0, 0, 0, 1, 1, 0, 0, 0, 1, 2, 1, 1, 0, 0, 1, 0, 0, 0, 0, 2, 0, 0, 0, 0, 0, 0, 0, 0, 0, 0, 0, 0, 0, 1, 0, 0, 0, 1, 1, 2, 0, 1, 0, 0, 0, 0, 0, 1, 1, 0, 1, 0, 0, 1, 1, 0, 0, 1, 0, 0, 2, 0, 0, 0, 0, 0, 0, 0, 0, 0, 1, 0, 0, 0, 0, 0, 0, 0, 1, 2, 1, 1, 0, 0, 1, 0, 1, 0, 0, 1, 0, 0, 0, 1, 1, 2, 0, 0, 1, 1, 0, 2, 0, 1, 1, 0, 1, 1, 0, 1, 0, 1, 0, 0, 0, 1, 1, 0, 2, 0, 0, 0, 1, 0, 1, 1, 0, 0, 0, 1, 1, 0, 0, 0, 0, 0, 0, 0, 0, 1, 0, 0, 1, 0, 0, 0, 0, 1, 0, 0, 0, 0, 1, 1, 0, 0, 1, 2, 0, 0, 0, 2, 1, 0, 1, 1, 0, 0, 0, 0, 0, 0, 2, 1, 0, 0, 0, 0, 1, 0, 0, 1, 1, 1, 1, 0, 1, 0, 0, 0, 2, 1, 0, 1, 2, 1, 0, 0, 1, 0, 1, 1, 2, 3, 0, 0, 1, 0, 0, 0, 0, 0, 0, 0, 1, 1, 1, 1, 0, 1, 2, 0, 1, 1, 1, 0, 0, 1, 2, 1, 2, 0, 1, 0, 0, 0, 0, 0, 0, 0, 0, 0, 0, 0, 0, 0, 0, 0, 0, 0, 0, 0, 0, 0, 0, 0, 0, 0, 0, 0, 0, 0, 1, 0, 0, 0, 0, 1, 1, 1, 1, 0, 0, 0, 1, 0, 1, 1, 1, 0, 1, 2, 1, 0, 1, 0, 2, 1, 0, 1, 1, 1, 0, 0, 0, 0, 0, 1, 0, 1, 1, 2, 0, 0, 0, 0, 0, 0, 0, 0, 0, 1, 0, 2, 1, 0, 0, 1, 1, 2, 0, 0, 0, 2, 0, 1, 0, 0, 0, 1, 0, 0, 0, 1, 0, 0, 0, 0, 0, 0, 0, 0, 1, 1, 1, 0, 0, 1, 1, 0, 0, 1, 0, 0, 1, 1, 0, 0, 0, 0, 0, 0, 0, 0, 0, 0, 0, 1, 0, 1], "qtde_deteccoes_acc_temp_totais": [5, 10, 15, 20, 25, 30, 35, 40, 45, 50, 55, 60, 65, 70, 75, 80, 85, 90, 95, 100, 105, 110, 115, 120, 125, 130, 135, 140, 145, 150, 155, 160, 165, 170, 175, 180, 185, 190, 195], "qtde_deteccoes_acc_temp_validas": [2, 7, 11, 12, 15, 18, 22, 26, 29, 33, 37, 41, 44, 48, 49, 51, 54, 57, 61, 65, 67, 71, 74, 78, 81, 86, 91, 92, 94, 97, 101, 104, 108, 110, 115, 120, 123, 126, 127], "taxa_deteccoes_acc_temp": [0.4, 1.0, 0.8, 0.2, 0.6, 0.6, 0.8, 0.8, 0.6, 0.8, 0.8, 0.8, 0.6, 0.8, 0.2, 0.4, 0.6, 0.6, 0.8, 0.8, 0.4, 0.8, 0.6, 0.8, 0.6, 1.0, 1.0, 0.2, 0.4, 0.6, 0.8, 0.6, 0.8, 0.4, 1.0, 1.0, 0.6, 0.6, 0.2], "tipo_deteccao": ["sacada", "sacada", "sacada", "sacada", "sacada", "valida", "sacada", "invalida", "valida", "sacada", "invalida", "invalida", "sacada", "sacada", "sacada", "sacada", "sacada", "sacada", "sacada", "sacada", "sacada", "sacada", "sacada", "sacada", "sacada", "sacada", "sacada", "valida", "sacada", "sacada", "valida", "valida", "valida", "sacada", "valida", "sacada", "valida", "valida", "sacada", "valida", "sacada", "sacada", "valida", "invalida", "sacada", "sacada", "sacada", "sacada", "invalida", "invalida", "sacada", "sacada", "invalida", "sacada", "invalida", "sacada", "sacada", "valida", "valida", "sacada", "sacada", "sacada", "invalida", "sacada", "sacada", "sacada", "valida", "sacada", "valida", "sacada", "sacada", "sacada", "sacada", "sacada", "sacada", "sacada", "invalida", "invalida", "invalida", "valida", "valida", "valida", "valida", "valida", "invalida", "valida", "sacada", "sacada", "valida", "valida", "valida", "valida", "invalida", "sacada", "valida", "valida", "valida", "sacada", "valida", "sacada", "invalida", "sacada", "sacada", "sacada", "sacada", "sacada", "sacada", "sacada", "sacada", "invalida", "invalida", "sacada", "valida", "sacada", "sacada", "sacada", "sacada", "sacada", "sacada", "valida", "valida", "valida", "sacada", "sacada", "valida", "valida", "invalida", "valida", "valida", "valida", "sacada", "sacada", "invalida", "sacada", "sacada", "valida", "sacada", "valida", "valida", "sacada", "sacada", "sacada", "valida", "valida", "sacada", "sacada", "invalida", "sacada", "sacada", "sacada", "sacada", "invalida", "sacada", "valida", "sacada", "sacada", "sacada", "sacada", "sacada", "sacada", "sacada", "sacada", "sacada", "valida", "valida", "sacada", "sacada", "sacada", "valida", "invalida", "valida", "valida", "sacada", "sacada", "invalida", "sacada", "sacada", "sacada", "sacada", "invalida", "sacada", "sacada", "sacada", "sacada", "sacada", "sacada", "sacada", "sacada", "sacada", "sacada", "sacada", "sacada", "sacada", "invalida", "sacada", "sacada", "sacada", "invalida", "invalida", "invalida", "sacada", "valida", "sacada", "sacada", "sacada", "sacada", "sacada", "valida", "invalida", "sacada", "valida", "sacada", "sacada", "valida", "invalida", "sacada", "sacada", "valida", "sacada", "sacada", "invalida", "sacada", "sacada", "sacada", "sacada", "sacada", "sacada", "sacada", "sacada", "sacada", "valida", "sacada", "sacada", "sacada", "sacada", "sacada", "sacada", "sacada", "invalida", "valida", "invalida", "valida", "sacada", "sacada", "valida", "sacada", "valida", "sacada", "sacada", "valida", "sacada", "sacada", "sacada", "valida", "invalida", "valida", "sacada", "sacada", "valida", "valida", "sacada", "invalida", "sacada", "valida", "valida", "sacada", "invalida", "invalida", "sacada", "valida", "sacada", "invalida", "sacada", "sacada", "sacada", "valida", "valida", "sacada", "invalida", "sacada", "sacada", "sacada", "valida", "sacada", "valida", "invalida", "sacada", "sacada", "sacada", "valida", "valida", "sacada", "sacada", "sacada", "sacada", "sacada", "sacada", "sacada", "sacada", "invalida", "sacada", "sacada", "valida", "sacada", "sacada", "sacada", "sacada", "valida", "sacada", "sacada", "sacada", "sacada", "valida", "valida", "sacada", "sacada", "valida", "invalida", "sacada", "sacada", "sacada", "invalida", "invalida", "sacada", "valida", "valida", "sacada", "sacada", "sacada", "sacada", "sacada", "sacada", "valida", "valida", "sacada", "sacada", "sacada", "sacada", "valida", "sacada", "sacada", "valida", "valida", "valida", "valida", "sacada", "valida", "sacada", "sacada", "sacada", "valida", "valida", "sacada", "valida", "invalida", "invalida", "sacada", "sacada", "valida", "sacada", "invalida", "invalida", "invalida", "invalida", "sacada", "sacada", "invalida", "sacada", "sacada", "sacada", "sacada", "sacada", "sacada", "sacada", "valida", "valida", "invalida", "invalida", "sacada", "valida", "valida", "sacada", "valida", "valida", "valida", "sacada", "sacada", "valida", "valida", "invalida", "invalida", "sacada", "invalida", "sacada", "sacada", "sacada", "sacada", "sacada", "sacada", "sacada", "sacada", "sacada", "sacada", "sacada", "sacada", "sacada", "sacada", "sacada", "sacada", "sacada", "sacada", "sacada", "sacada", "sacada", "sacada", "sacada", "sacada", "sacada", "sacada", "sacada", "sacada", "sacada", "valida", "sacada", "sacada", "sacada", "sacada", "valida", "valida", "valida", "valida", "sacada", "sacada", "sacada", "valida", "sacada", "valida", 