{"id": "experimento_2_trial_3", "Confianca": 0.2, "limiar_IOU": 0.1, "Kpx": 9.5475, "Kpy": 4.17, "Kpz": 22.8, "pos_inicial_x": 1294, "pos_inicial_y": 140, "pos_inicial_z": 169, "frame_time": 30000, "freq_widowX": 30, "velocidade": 60, "filtragemDistancia": true, "limiar_distancia_pixel": 18.10193359837562, "numero_objetos": 3, "tempo_alcance": 13.69340467453003, "taxa_acerto_percentual_tracking": 0.43779904306220097, "taxa_acerto_percentual_deteccoes": 0.7158469945355191, "quantidade_deteccoes_tracking": 183, "quantidade_frames": 418, "objeto_de_interesse": 3, "vetor_classificacao_classes": "[3, 3, 1, 2, 2, 2, 3, 3, 3, 3, 3, 2, 3, 3, 3, 3, 3, 3, 3, 3, 3, 3, 3, 2, 4, 2, 3, 2, 2, 2, 2, 3, 3, 3, 3, 3, 3, 3, 3, 3, 3, 3, 3, 3, 3, 3, 2, 3, 3, 3, 3, 2, 2, 2, 2, 3, 3, 2, 2, 3, 3, 3, 3, 3, 3, 3, 2, 3, 3, 3, 3, 3, 3, 3, 3, 2, 2, 3, 3, 3, 3, 6, 3, 2, 3, 3, 3, 3, 3, 3, 3, 3, 3, 3, 3, 3, 2, 2, 2, 3, 3, 3, 3, 3, 6, 6, 3, 3, 3, 3, 3, 3, 2, 3, 3, 3, 6, 3, 3, 3, 3, 3, 3, 3, 3, 3, 3, 2, 3, 2, 3, 3, 2, 3, 2, 3, 3, 3, 3, 3, 3, 3, 3, 3, 3, 2, 3, 3, 3, 3, 3, 3, 3, 3, 6, 3, 3, 3, 6, 3, 3, 3, 3, 3, 2, 6, 2, 3, 3, 3, 2, 3, 3, 3, 6, 6, 2, 2, 2, 3, 3, 3, 3]", "taxa_acerto_deteccao": 0.7431693989071039, "qtde_predicoes_tensor": [0, 0, 0, 0, 0, 1, 0, 0, 1, 0, 1, 1, 1, 0, 0, 0, 0, 0, 0, 0, 0, 0, 0, 0, 0, 0, 1, 0, 0, 1, 0, 1, 1, 0, 1, 0, 0, 1, 1, 2, 0, 0, 0, 0, 0, 1, 0, 2, 1, 0, 0, 0, 2, 1, 1, 1, 1, 0, 0, 1, 1, 0, 1, 0, 1, 0, 0, 0, 0, 1, 0, 0, 0, 1, 1, 1, 1, 1, 1, 2, 2, 1, 0, 0, 0, 0, 1, 2, 1, 0, 1, 1, 0, 0, 1, 0, 0, 0, 0, 0, 0, 1, 1, 1, 1, 2, 1, 0, 1, 1, 1, 1, 1, 0, 1, 0, 1, 1, 0, 0, 1, 0, 0, 0, 1, 0, 1, 1, 0, 1, 1, 1, 0, 0, 0, 0, 0, 1, 1, 0, 1, 2, 0, 0, 0, 1, 2, 2, 1, 2, 0, 1, 0, 0, 0, 0, 0, 2, 1, 0, 0, 1, 0, 0, 1, 0, 1, 0, 0, 0, 1, 0, 1, 0, 0, 0, 1, 1, 0, 0, 0, 0, 0, 0, 1, 0, 0, 1, 0, 1, 1, 0, 0, 1, 0, 0, 1, 1, 0, 1, 0, 0, 0, 0, 1, 1, 0, 1, 1, 1, 1, 1, 1, 0, 1, 1, 0, 0, 1, 0, 0, 0, 0, 0, 1, 0, 0, 1, 1, 0, 0, 0, 0, 2, 2, 0, 2, 0, 0, 1, 0, 0, 1, 1, 0, 1, 1, 0, 0, 0, 0, 0, 0, 2, 1, 1, 1, 0, 0, 2, 0, 0, 0, 2, 1, 1, 2, 1, 1, 1, 1, 0, 0, 0, 0, 0, 1, 0, 1, 0, 0, 1, 0, 1, 0, 0, 0, 0, 1, 1, 0, 0, 1, 0, 1, 1, 0, 1, 1, 0, 1, 0, 0, 1, 1, 0, 0, 0, 1, 0, 0, 1, 1, 1, 2, 1, 1, 1, 2, 1, 0, 1, 1, 1, 1, 2, 0, 1, 1, 0, 1, 0, 1, 0, 1, 2, 0, 1, 1, 2, 2, 1, 1, 1, 0, 0, 0, 1, 0, 0, 0, 0, 0, 1, 0, 1, 0, 0, 1, 0, 0, 0, 0, 0, 0, 0, 1, 0, 0, 0, 0, 0, 0, 0, 0, 0, 1, 0, 0, 0, 1, 0, 0, 0, 0, 0, 1, 0, 0, 0, 0, 0, 0, 0, 0, 1, 1, 1, 0, 1, 0, 0, 0, 0, 0, 0, 0, 1, 0, 0, 0, 1, 0, 1, 1, 0, 0, 1], "qtde_deteccoes_acc_temp_totais": [5, 10, 15, 20, 25, 30, 35, 40, 45, 50, 55, 60, 65, 70, 75, 80, 85, 90, 95, 100, 105, 110, 115, 120, 125, 130, 135, 140, 145, 150, 155, 160, 165, 170, 175, 180], "qtde_deteccoes_acc_temp_validas": [2, 6, 10, 14, 17, 18, 22, 26, 31, 34, 35, 38, 43, 47, 51, 54, 57, 62, 66, 68, 72, 77, 81, 84, 89, 92, 95, 100, 104, 108, 112, 116, 119, 122, 126, 128], "taxa_deteccoes_acc_temp": [0.4, 0.8, 0.8, 0.8, 0.6, 0.2, 0.8, 0.8, 1.0, 0.6, 0.2, 0.6, 1.0, 0.8, 0.8, 0.6, 0.6, 1.0, 0.8, 0.4, 0.8, 1.0, 0.8, 0.6, 1.0, 0.6, 0.6, 1.0, 0.8, 0.8, 0.8, 0.8, 0.6, 0.6, 0.8, 0.4], "tipo_deteccao": ["sacada", "sacada", "sacada", "sacada", "sacada", "valida", "sacada", "sacada", "valida", "sacada", "invalida", "invalida", "invalida", "sacada", "sacada", "sacada", "sacada", "sacada", "sacada", "sacada", "sacada", "sacada", "sacada", "sacada", "sacada", "sacada", "invalida", "sacada", "sacada", "valida", "sacada", "valida", "valida", "sacada", "valida", "sacada", "sacada", "valida", "invalida", "valida", "sacada", "sacada", "sacada", "sacada", "sacada", "valida", "sacada", "valida", "valida", "sacada", "sacada", "sacada", "invalida", "valida", "valida", "valida", "valida", "sacada", "sacada", "valida", "valida", "sacada", "invalida", "sacada", "invalida", "sacada", "sacada", "sacada", "sacada", "invalida", "sacada", "sacada", "sacada", "valida", "invalida", "invalida", "invalida", "invalida", "valida", "valida", "valida", "valida", "sacada", "sacada", "sacada", "sacada", "valida", "invalida", "valida", "sacada", "valida", "valida", "sacada", "sacada", "valida", "sacada", "sacada", "sacada", "sacada", "sacada", "sacada", "valida", "valida", "valida", "valida", "invalida", "invalida", "sacada", "valida", "valida", "valida", "valida", "invalida", "sacada", "invalida", "sacada", "invalida", "invalida", "sacada", "sacada", "valida", "sacada", "sacada", "sacada", "valida", "sacada", "invalida", "invalida", "sacada", "valida", "valida", "valida", "sacada", "sacada", "sacada", "sacada", "sacada", "valida", "valida", "sacada", "valida", "valida", "sacada", "sacada", "sacada", "invalida", "valida", "valida", "valida", "invalida", "sacada", "valida", "sacada", "sacada", "sacada", "sacada", "sacada", "valida", "valida", "sacada", "sacada", "valida", "sacada", "sacada", "invalida", "sacada", "invalida", "sacada", "sacada", "sacada", "valida", "sacada", "valida", "sacada", "sacada", "sacada", "valida", "valida", "sacada", "sacada", "sacada", "sacada", "sacada", "sacada", "invalida", "sacada", "sacada", "valida", "sacada", "invalida", "valida", "sacada", "sacada", "valida", "sacada", "sacada", "valida", "valida", "sacada", "valida", "sacada", "sacada", "sacada", "sacada", "valida", "valida", "sacada", "valida", "invalida", "valida", "valida", "valida", "invalida", "sacada", "invalida", "invalida", "sacada", "sacada", "valida", "sacada", "sacada", "sacada", "sacada", "sacada", "valida", "sacada", "sacada", "valida", "valida", "sacada", "sacada", "sacada", "sacada", "valida", "invalida", "sacada", "valida", "sacada", "sacada", "valida", "sacada", "sacada", "valida", "valida", "sacada", "valida", "valida", "sacada", "sacada", "sacada", "sacada", "sacada", "sacada", "valida", "invalida", "valida", "valida", "sacada", "sacada", "valida", "sacada", "sacada", "sacada", "invalida", "valida", "invalida", "valida", "valida", "valida", "valida", "valida", "sacada", "sacada", "sacada", "sacada", "sacada", "valida", "sacada", "valida", "sacada", "sacada", "valida", "sacada", "invalida", "sacada", "sacada", "sacada", "sacada", "valida", "invalida", "sacada", "sacada", "valida", "sacada", "valida", "invalida", "sacada", "valida", "invalida", "sacada", "valida", "sacada", "sacada", "valida", "valida", "sacada", "sacada", "sacada", "valida", "sacada", "sacada", "valida", "valida", "valida", "invalida", "valida", "valida", "invalida", "valida", "valida", "sacada", "valida", "valida", "valida", "valida", "valida", "sacada", "valida", "invalida", "sacada", "valida", "sacada", "valida", "sacada", "valida", "invalida", "sacada", "valida", "valida", "invalida", "valida", "valida", "invalida", "invalida", "sacada", "sacada", "sacada", "invalida", "sacada", "sacada", "sacada", "sacada", "sacada", "valida", "sacada", "valida", "sacada", "sacada", "valida", "sacada", "sacada", "sacada", "sacada", "sacada", "sacada", "sacada", "valida", "sacada", "sacada", "sacada", "sacada", "sacada", "sacada", "sacada", "sacada", "sacada", "valida", "sacada", "sacada", "sacada", "valida", "sacada", "sacada", "sacada", "sacada", "sacada", "valida", "sacada", "sacada", "sacada", "sacada", "sacada", "sacada", "sacada", "sacada", "invalida", "invalida", "invalida", "sacada", "invalida", "sacada", "sacada", "sacada", "sacada", "sacada", "sacada", "sacada", "valida", "sacada", "sacada", "sacada", "valida", "sacada", "valida", "valida", "sacada", "sacada", "valida"], "quantidade_tipo_deteccao": {"sacada": 235, "valida": 131, "invalida": 52}, "percentagem_detec_sacada": 0.562200956937799, "percentagem_detec_valida": 0.3133971291866029, "percentagem_detec_invalida": 0.12440191387559808,