{"id": "experimento_2_trial_2", "Confianca": 0.2, "limiar_IOU": 0.1, "Kpx": 9.5475, "Kpy": 4.17, "Kpz": 22.8, "pos_inicial_x": 1294, "pos_inicial_y": 140, "pos_inicial_z": 169, "frame_time": 30000, "freq_widowX": 30, "velocidade": 60, "filtragemDistancia": true, "limiar_distancia_pixel": 18.10193359837562, "numero_objetos": 3, "tempo_alcance": 18.131560802459717, "taxa_acerto_percentual_tracking": 0.4154676258992806, "taxa_acerto_percentual_deteccoes": 0.5670995670995671, "quantidade_deteccoes_tracking": 231, "quantidade_frames": 556, "objeto_de_interesse": 3, "vetor_classificacao_classes": "[3, 3, 3, 2, 2, 3, 2, 3, 3, 3, 3, 3, 3, 3, 2, 2, 3, 2, 2, 3, 3, 2, 2, 3, 2, 2, 2, 3, 3, 2, 3, 3, 3, 3, 3, 3, 3, 3, 3, 4, 2, 4, 2, 2, 2, 2, 2, 3, 3, 2, 3, 2, 2, 3, 3, 3, 3, 3, 1, 3, 3, 3, 1, 3, 2, 2, 2, 2, 2, 3, 2, 2, 2, 3, 3, 3, 3, 3, 2, 3, 2, 2, 2, 2, 3, 2, 2, 2, 6, 2, 6, 3, 3, 3, 2, 2, 3, 2, 3, 2, 3, 3, 2, 3, 3, 3, 3, 3, 3, 6, 2, 3, 2, 2, 2, 2, 6, 2, 3, 2, 3, 3, 3, 3, 3, 3, 2, 2, 3, 2, 2, 2, 3, 3, 4, 3, 3, 3, 2, 2, 3, 3, 3, 3, 3, 3, 3, 3, 3, 3, 3, 3, 3, 3, 3, 6, 3, 2, 3, 3, 3, 3, 6, 2, 6, 3, 3, 3, 3, 3, 3, 3, 3, 3, 3, 3, 3, 3, 3, 3, 3, 3, 3, 3, 2, 3, 3, 3, 3, 3, 3, 3, 2, 6, 6, 1, 3, 6, 6, 3, 3, 3, 6, 3, 6, 2, 3, 2, 6, 3, 3, 3, 2, 6, 6, 2, 6, 3, 3, 3, 3, 3, 6, 6, 3, 2, 3, 3, 3, 3, 3]", "taxa_acerto_deteccao": 0.6017316017316018, "qtde_predicoes_tensor": [0, 0, 0, 0, 1, 0, 0, 0, 1, 1, 1, 1, 0, 0, 0, 1, 0, 0, 0, 0, 0, 1, 0, 0, 0, 0, 0, 0, 0, 0, 1, 1, 1, 1, 1, 1, 1, 1, 0, 0, 1, 0, 0, 1, 1, 1, 0, 1, 0, 2, 0, 0, 0, 1, 0, 1, 0, 1, 1, 1, 1, 2, 1, 1, 0, 0, 1, 1, 0, 0, 0, 2, 2, 1, 1, 2, 2, 0, 1, 1, 1, 0, 1, 0, 0, 0, 0, 0, 0, 0, 0, 1, 1, 1, 1, 1, 0, 1, 2, 1, 2, 1, 1, 1, 0, 0, 2, 1, 0, 1, 2, 0, 3, 1, 0, 0, 0, 1, 2, 2, 1, 1, 1, 1, 1, 1, 2, 0, 0, 0, 1, 1, 1, 0, 1, 1, 1, 2, 1, 1, 0, 0, 2, 1, 0, 1, 1, 1, 1, 0, 0, 0, 0, 1, 1, 0, 0, 0, 1, 0, 2, 0, 0, 0, 1, 0, 0, 1, 0, 0, 0, 1, 0, 1, 0, 1, 0, 0, 0, 0, 0, 1, 1, 0, 0, 0, 0, 0, 0, 0, 0, 1, 1, 1, 0, 0, 0, 0, 0, 0, 0, 1, 0, 0, 0, 0, 1, 0, 0, 0, 0, 0, 0, 0, 0, 1, 0, 0, 0, 1, 2, 0, 0, 0, 1, 1, 1, 0, 0, 0, 1, 1, 0, 1, 1, 0, 0, 0, 1, 1, 1, 1, 1, 0, 0, 0, 1, 0, 0, 0, 0, 0, 0, 0, 1, 0, 0, 1, 0, 0, 1, 2, 1, 0, 1, 1, 1, 2, 1, 1, 0, 0, 1, 0, 0, 1, 0, 0, 0, 0, 0, 0, 0, 1, 1, 0, 0, 0, 0, 0, 0, 1, 0, 0, 0, 0, 0, 1, 1, 0, 1, 0, 0, 0, 0, 1, 0, 0, 0, 1, 1, 0, 0, 1, 0, 0, 1, 0, 0, 0, 1, 1, 1, 1, 0, 0, 1, 0, 0, 0, 1, 1, 0, 0, 1, 0, 0, 1, 0, 1, 0, 0, 0, 0, 1, 0, 0, 0, 1, 1, 1, 0, 0, 1, 0, 0, 0, 0, 1, 1, 1, 0, 1, 0, 0, 0, 0, 0, 0, 0, 0, 0, 0, 1, 1, 0, 1, 0, 0, 1, 0, 0, 0, 0, 1, 1, 1, 0, 1, 1, 1, 0, 0, 1, 0, 1, 1, 0, 1, 1, 0, 1, 1, 0, 0, 1, 1, 1, 1, 1, 2, 1, 1, 0, 1, 1, 0, 0, 0, 0, 0, 0, 0, 0, 0, 0, 0, 1, 1, 0, 1, 1, 0, 0, 0, 2, 1, 2, 1, 0, 1, 1, 0, 1, 1, 0, 0, 0, 0, 1, 0, 0, 0, 0, 0, 0, 0, 0, 1, 1, 0, 0, 0, 1, 1, 1, 0, 0, 0, 0, 0, 0, 0, 1, 0, 0, 0, 0, 1, 0, 0, 1, 0, 0, 1, 0, 0, 0, 0, 0, 1, 0, 1, 1, 1, 0, 1, 1, 1, 0, 0, 0, 0, 0, 0, 0, 1, 0, 0, 0, 1, 0, 0, 0, 0, 0, 0, 0, 0, 0, 0, 0, 0, 0, 0, 0, 0, 1, 0, 0, 1, 0, 1, 1, 0, 0, 0, 0, 1, 1, 1, 0, 1, 1, 0, 0, 0, 0, 1, 0, 0, 1, 0, 1, 0, 1], "qtde_deteccoes_acc_temp_totais": [5, 10, 15, 20, 25, 30, 35, 40, 45, 50, 55, 60, 65, 70, 75, 80, 85, 90, 95, 100, 105, 110, 115, 120, 125, 130, 135, 140, 145, 150, 155, 160, 165, 170, 175, 180, 185, 190, 195, 200, 205, 210, 215, 220, 225, 230], "qtde_deteccoes_acc_temp_validas": [3, 7, 11, 13, 14, 15, 19, 21, 21, 22, 25, 30, 33, 33, 35, 37, 38, 38, 41, 43, 47, 51, 52, 53, 57, 58, 60, 63, 68, 73, 78, 81, 83, 88, 93, 98, 102, 107, 109, 111, 114, 116, 119, 122, 125, 130], "taxa_deteccoes_acc_temp": [0.6, 0.8, 0.8, 0.4, 0.2, 0.2, 0.8, 0.4, 0.0, 0.2, 0.6, 1.0, 0.6, 0.0, 0.4, 0.4, 0.2, 0.0, 0.6, 0.4, 0.8, 0.8, 0.2, 0.2, 0.8, 0.2, 0.4, 0.6, 1.0, 1.0, 1.0, 0.6, 0.4, 1.0, 1.0, 1.0, 0.8, 1.0, 0.4, 0.4, 0.6, 0.4, 0.6, 0.6, 0.6, 1.0], "tipo_deteccao": ["sacada", "sacada", "sacada", "sacada", "valida", "sacada", "sacada", "sacada", "valida", "valida", "invalida", "invalida", "sacada", "sacada", "sacada", "valida", "sacada", "sacada", "sacada", "sacada", "sacada", "invalida", "sacada", "sacada", "sacada", "sacada", "sacada", "sacada", "sacada", "sacada", "valida", "valida", "valida", "valida", "valida", "valida", "valida", "invalida", "sacada", "sacada", "invalida", "sacada", "sacada", "valida", "invalida", "invalida", "sacada", "valida", "sacada", "invalida", "sacada", "sacada", "sacada", "invalida", "sacada", "invalida", "sacada", "valida", "invalida", "invalida", "invalida", "invalida", "valida", "invalida", "sacada", "sacada", "valida", "valida", "sacada", "sacada", "sacada", "invalida", "valida", "valida", "valida", "invalida", "invalida", "sacada", "valida", "invalida", "invalida", "sacada", "invalida", "sacada", "sacada", "sacada", "sacada", "sacada", "sacada", "sacada", "sacada", "invalida", "invalida", "invalida", "invalida", "invalida", "sacada", "valida", "invalida", "invalida", "valida", "invalida", "invalida", "valida", "sacada", "sacada", "valida", "valida", "sacada", "valida", "valida", "sacada", "valida", "valida", "sacada", "sacada", "sacada", "valida", "invalida", "valida", "valida", "invalida", "invalida", "invalida", "invalida", "invalida", "invalida", "sacada", "sacada", "sacada", "invalida", "invalida", "invalida", "sacada", "valida", "valida", "valida", "invalida", "valida", "invalida", "sacada", "sacada", "invalida", "invalida", "sacada", "invalida", "invalida", "invalida", "valida", "sacada", "sacada", "sacada", "sacada", "invalida", "invalida", "sacada", "sacada", "sacada", "invalida", "sacada", "invalida", "sacada", "sacada", "sacada", "invalida", "sacada", "sacada", "invalida", "sacada", "sacada", "sacada", "valida", "sacada", "valida", "sacada", "valida", "sacada", "sacada", "sacada", "sacada", "sacada", "invalida", "invalida", "sacada", "sacada", "sacada", "sacada", "sacada", "sacada", "sacada", "sacada", "valida", "invalida", "valida", "sacada", "sacada", "sacada", "sacada", "sacada", "sacada", "sacada", "invalida", "sacada", "sacada", "sacada", "sacada", "valida", "sacada", "sacada", "sacada", "sacada", "sacada", "sacada", "sacada", "sacada", "valida", "sacada", "sacada", "sacada", "invalida", "valida", "sacada", "sacada", "sacada", "valida", "valida", "valida", "sacada", "sacada", "sacada", "valida", "valida", "sacada", "invalida", "invalida", "sacada", "sacada", "sacada", "valida", "invalida", "invalida", "invalida", "invalida", "sacada", "sacada", "sacada", "invalida", "sacada", "sacada", "sacada", "sacada", "sacada", "sacada", "sacada", "invalida", "sacada", "sacada", "valida", "sacada", "sacada", "invalida", "invalida", "valida", "sacada", "valida", "valida", "valida", "invalida", "invalida", "invalida", "sacada", "sacada", "valida", "sacada", "sacada", "invalida", "sacada", "sacada", "sacada", "sacada", "sacada", "sacada", "sacada", "invalida", "invalida", "sacada", "sacada", "sacada", "sacada", "sacada", "sacada", "valida", "sacada", "sacada", "sacada", "sacada", "sacada", "valida", "invalida", "sacada", "valida", "sacada", "sacada", "sacada", "sacada", "valida", "sacada", "sacada", "sacada", "valida", "invalida", "sacada", "sacada", "invalida", "sacada", "sacada", "valida", "sacada", "sacada", "sacada", "valida", "valida", "valida", "valida", "sacada", "sacada", "valida", "sacada", "sacada", "sacada", "valida", "valida", "sacada", "sacada", "valida", "sacada", "sacada", "valida", "sacada", "valida", "sacada", "sacada", "sacada", "sacada", "valida", "sacada", "sacada", "sacada", "valida", "valida", "valida", "sacada", "sacada", "invalida", "sacada", "sacada", "sacada", "sacada", "valida", "invalida", "valida", "sacada", "valida", "sacada", "sacada", "sacada", "sacada", "sacada", "sacada", "sacada", "sacada", "sacada", "sacada", "valida", "valida", "sacada", "invalida", "sacada", "sacada", "invalida", "sacada", "sacada", "sacada", "sacada", "invalida", "valida", "valida", "sacada", "valida", "valida", "valida", "sacada", "sacada", "valida", "sacada", "valida", "valida", "sacada", "valida", "valida", "sacada", "valida", "valida", "sacada", "sacada", 