{"id": "experimento_5_trial_4", "Confianca": 0.3, "limiar_IOU": 0.3, "Kpx": 9.5475, "Kpy": 4.17, "Kpz": 22.8, "pos_inicial_x": 1294, "pos_inicial_y": 140, "pos_inicial_z": 169, "frame_time": 30000, "freq_widowX": 30, "velocidade": 60, "filtragemDistancia": true, "limiar_distancia_pixel": 45.254833995939045, "numero_objetos": 1, "tempo_alcance": 8.09920358657837, "taxa_acerto_percentual_tracking": 0.5528455284552846, "taxa_acerto_percentual_deteccoes": 0.9632352941176471, "quantidade_deteccoes_tracking": 136, "quantidade_frames": 246, "objeto_de_interesse": 5, "vetor_classificacao_classes": "[5, 6, 5, 5, 5, 5, 5, 6, 5, 1, 5, 5, 1, 1, 5, 5, 5, 5, 5, 5, 5, 5, 5, 5, 5, 5, 5, 1, 1, 5, 5, 5, 5, 5, 6, 5, 5, 1, 6, 5, 5, 5, 5, 5, 5, 5, 5, 5, 5, 5, 5, 5, 5, 5, 5, 5, 5, 5, 1, 5, 5, 1, 5, 1, 1, 1, 1, 5, 1, 5, 5, 1, 1, 1, 2, 1, 1, 1, 1, 1, 1, 1, 1, 1, 1, 1, 1, 1, 1, 1, 1, 1, 1, 1, 1, 1, 1, 1, 1, 1, 1, 1, 1, 1, 1, 1, 1, 1, 1, 1, 1, 1, 1, 1, 1, 1, 1, 1, 1, 1, 1, 1, 1, 1, 4, 4, 1, 1, 1, 1, 1, 1, 1, 1, 1, 1]", "taxa_acerto_deteccao": 0.39705882352941174, "qtde_predicoes_tensor": [0, 0, 0, 0, 1, 2, 1, 1, 1, 1, 1, 2, 1, 0, 2, 1, 1, 1, 0, 2, 1, 2, 1, 1, 1, 1, 1, 1, 1, 1, 1, 1, 1, 0, 2, 2, 1, 1, 0, 1, 1, 1, 2, 1, 1, 2, 2, 1, 1, 1, 1, 0, 1, 1, 2, 1, 2, 1, 0, 0, 1, 1, 0, 1, 1, 1, 0, 0, 0, 0, 2, 1, 1, 1, 0, 0, 1, 2, 1, 0, 0, 0, 1, 2, 0, 0, 2, 0, 0, 0, 0, 2, 2, 1, 2, 1, 0, 1, 1, 0, 1, 2, 1, 1, 2, 2, 1, 1, 1, 0, 1, 1, 1, 1, 1, 1, 1, 0, 1, 0, 1, 0, 0, 0, 0, 0, 1, 0, 0, 0, 1, 1, 0, 0, 0, 0, 0, 1, 1, 0, 1, 0, 0, 1, 0, 1, 1, 0, 1, 1, 0, 0, 0, 1, 0, 0, 0, 0, 0, 1, 0, 0, 0, 0, 1, 1, 0, 0, 0, 0, 0, 0, 0, 0, 0, 0, 0, 0, 1, 1, 1, 0, 0, 0, 0, 0, 0, 1, 0, 0, 0, 1, 1, 0, 0, 0, 0, 0, 0, 0, 0, 0, 1, 1, 0, 0, 0, 0, 1, 1, 0, 1, 0, 1, 1, 1, 1, 1, 0, 0, 1, 0, 0, 0, 0, 1, 1, 1, 2, 2, 1, 1, 1, 0, 0, 1, 1, 0, 0, 1, 1, 1, 0, 2, 0, 1], "qtde_deteccoes_acc_temp_totais": [5, 10, 15, 20, 25, 30, 35, 40, 45, 50, 55, 60, 65, 70, 75, 80, 85, 90, 95, 100, 105, 110, 115, 120, 125, 130, 135], "qtde_deteccoes_acc_temp_validas": [5, 10, 15, 20, 25, 30, 35, 40, 45, 50, 55, 59, 64, 69, 73, 78, 83, 87, 92, 97, 102, 107, 110, 115, 120, 125, 130], "taxa_deteccoes_acc_temp": [1.0, 1.0, 1.0, 1.0, 1.0, 1.0, 1.0, 1.0, 1.0, 1.0, 1.0, 0.8, 1.0, 1.0, 0.8, 1.0, 1.0, 0.8, 1.0, 1.0, 1.0, 1.0, 0.6, 1.0, 1.0, 1.0, 1.0], "tipo_deteccao": ["sacada", "sacada", "sacada", "sacada", "valida", "valida", "valida", "valida", "valida", "valida", "valida", "valida", "valida", "sacada", "valida", "valida", "valida", "valida", "sacada", "valida", "valida", "valida", "valida", "valida", "valida", "valida", "valida", "valida", "valida", "valida", "valida", "valida", "valida", "sacada", "valida", "valida", "valida", "valida", "sacada", "valida", "valida", "valida", "valida", "valida", "valida", "valida", "valida", "valida", "valida", "valida", "valida", "sacada", "valida", "valida", "valida", "valida", "valida", "valida", "sacada", "sacada", "valida", "valida", "sacada", "valida", "valida", "valida", "sacada", "sacada", "sacada", "sacada", "valida", "valida", "valida", "valida", "sacada", "sacada", "invalida", "valida", "valida", "sacada", "sacada", "sacada", "valida", "valida", "sacada", "sacada", "valida", "sacada", "sacada", "sacada", "sacada", "valida", "valida", "valida", "valida", "valida", "sacada", "valida", "valida", "sacada", "valida", "valida", "valida", "invalida", "valida", "valida", "valida", "valida", "valida", "sacada", "valida", "valida", "valida", "valida", "valida", "valida", "valida", "sacada", "invalida", "sacada", "valida", "sacada", "sacada", "sacada", "sacada", "sacada", "valida", "sacada", "sacada", "sacada", "valida", "valida", "sacada", "sacada", "sacada", "sacada", "sacada", "valida", "valida", "sacada", "valida", "sacada", "sacada", "valida", "sacada", "valida", "valida", "sacada", "valida", "valida", "sacada", "sacada", "sacada", "valida", "sacada", "sacada", "sacada", "sacada", "sacada", "valida", "sacada", "sacada", "sacada", "sacada", "valida", "valida", "sacada", "sacada", "sacada", "sacada", "sacada", "sacada", "sacada", "sacada", "sacada", "sacada", "sacada", "sacada", "valida", "valida", "valida", "sacada", "sacada", "sacada", "sacada", "sacada", "sacada", "valida", "sacada", "sacada", "sacada", "valida", "valida", "sacada", "sacada", "sacada", "sacada", "sacada", "sacada", "sacada", "sacada", "sacada", "invalida", "invalida", "sacada", "sacada", "sacada", "sacada", "valida", "valida", "sacada", "valida", "sacada", "valida", "valida", "valida", "valida", "valida", "sacada", "sacada", "valida", "sacada", "sacada", "sacada", "sacada", "valida", "valida", "valida", "valida", "valida", "valida", "valida", "valida", "sacada", "sacada", "valida", "valida", "sacada", "sacada", "valida", "valida", "valida", "sacada", "valida", "sacada", "valida"], "quantidade_tipo_deteccao": {"sacada": 110, "valida": 131, "invalida": 5}, "percentagem_detec_sacada": 0.44715447154471544, "percentagem_detec_valida": 0.532520325203252, "percentagem_detec_invalida": 0.02032520325203252, "tempo_sacadas": [0.13076465670019388, 0.0358759555965662, 0.03507369104772806, 0.039891552180051804, 0.035691365133970976, 0.03566746413707733, 0.0686848540790379, 0.03913255222141743, 0.13792660692706704, 0.0691789360716939, 0.10497967433184385, 0.07098517892882228, 0.13620574306696653, 0.03660487616434693, 0.03514471696689725, 0.03449758281931281, 0.03612664062529802, 0.02701652329415083, 0.1621253928169608, 0.1034192768856883, 0.16500432696193457, 0.03461335739120841, 0.06988977733999491, 0.035253026988357306, 0.03239427413791418, 0.10325245279818773, 0.1687889569438994, 0.13664378924295306, 0.4062800658866763, 0.2021594988182187, 0.10469775693491101, 0.31044967798516154, 0.11431046901270747, 0.034764151088893414, 0.035343837924301624, 0.06810779916122556, 0.13719278713688254, 0.06920866202563047, 0.06961025204509497, 0.03204346401616931, 0.03497926006093621], "porcentagem_tempo_sacada": 0.4617714376379026}