{"id": "experimento_5_trial_2", "Confianca": 0.3, "limiar_IOU": 0.3, "Kpx": 9.5475, "Kpy": 4.17, "Kpz": 22.8, "pos_inicial_x": 1294, "pos_inicial_y": 140, "pos_inicial_z": 169, "frame_time": 30000, "freq_widowX": 30, "velocidade": 60, "filtragemDistancia": true, "limiar_distancia_pixel": 45.254833995939045, "numero_objetos": 1, "tempo_alcance": 8.809897184371948, "taxa_acerto_percentual_tracking": 0.5092936802973977, "taxa_acerto_percentual_deteccoes": 0.9562043795620438, "quantidade_deteccoes_tracking": 137, "quantidade_frames": 269, "objeto_de_interesse": 5, "vetor_classificacao_classes": "[5, 5, 1, 6, 5, 5, 5, 5, 5, 5, 5, 5, 5, 5, 1, 5, 3, 5, 5, 5, 5, 5, 5, 5, 5, 5, 5, 5, 5, 5, 5, 5, 1, 5, 5, 5, 5, 5, 5, 5, 5, 5, 5, 5, 5, 5, 5, 1, 5, 5, 5, 5, 1, 5, 5, 5, 5, 5, 1, 5, 5, 5, 5, 5, 5, 1, 5, 5, 5, 1, 1, 1, 1, 1, 1, 1, 1, 1, 1, 1, 1, 1, 1, 1, 1, 1, 1, 1, 1, 1, 1, 1, 1, 1, 1, 1, 1, 1, 1, 1, 1, 1, 1, 1, 1, 1, 1, 1, 1, 1, 1, 1, 1, 1, 1, 1, 1, 1, 1, 1, 1, 1, 1, 1, 1, 1, 1, 1, 1, 1, 1, 1, 1, 1, 1, 1, 1]", "taxa_acerto_deteccao": 0.43795620437956206, "qtde_predicoes_tensor": [0, 0, 0, 0, 1, 1, 2, 2, 1, 1, 1, 1, 1, 1, 1, 1, 0, 0, 0, 1, 1, 2, 2, 2, 1, 1, 1, 1, 1, 1, 1, 1, 1, 0, 1, 1, 1, 1, 2, 1, 0, 0, 0, 1, 1, 1, 1, 1, 1, 1, 0, 0, 0, 0, 0, 1, 1, 0, 0, 1, 1, 1, 1, 1, 1, 1, 0, 1, 1, 1, 1, 1, 1, 1, 1, 2, 1, 2, 1, 1, 1, 0, 1, 1, 0, 1, 2, 0, 0, 0, 1, 2, 1, 0, 0, 2, 1, 0, 1, 2, 1, 1, 0, 0, 0, 0, 1, 1, 1, 1, 1, 1, 0, 0, 0, 0, 0, 0, 0, 0, 0, 0, 0, 0, 0, 0, 1, 1, 1, 1, 0, 0, 1, 0, 0, 0, 1, 1, 0, 0, 1, 0, 1, 0, 0, 0, 0, 0, 0, 0, 1, 0, 0, 0, 0, 0, 0, 1, 0, 0, 0, 1, 1, 1, 0, 1, 0, 1, 0, 1, 1, 0, 1, 0, 0, 0, 0, 0, 0, 0, 0, 0, 0, 0, 0, 1, 0, 1, 0, 1, 1, 1, 1, 0, 0, 2, 1, 0, 0, 1, 0, 0, 1, 0, 1, 0, 0, 0, 1, 1, 1, 1, 0, 1, 0, 0, 1, 1, 1, 0, 0, 0, 0, 1, 0, 0, 1, 0, 0, 0, 1, 0, 0, 0, 1, 0, 0, 0, 0, 0, 0, 0, 0, 0, 1, 1, 1, 1, 1, 0, 1, 0, 1, 1, 1, 1, 0, 0, 0, 1, 0, 0, 1, 0, 1, 1, 0, 0, 0], "qtde_deteccoes_acc_temp_totais": [5, 10, 15, 20, 25, 30, 35, 40, 45, 50, 55, 60, 65, 70, 75, 80, 85, 90, 95, 100, 105, 110, 115, 120, 125, 130, 135], "qtde_deteccoes_acc_temp_validas": [5, 10, 15, 20, 25, 30, 35, 40, 45, 50, 55, 60, 65, 70, 75, 80, 81, 85, 90, 95, 100, 105, 110, 115, 120, 125, 129], "taxa_deteccoes_acc_temp": [1.0, 1.0, 1.0, 1.0, 1.0, 1.0, 1.0, 1.0, 1.0, 1.0, 1.0, 1.0, 1.0, 1.0, 1.0, 1.0, 0.2, 0.8, 1.0, 1.0, 1.0, 1.0, 1.0, 1.0, 1.0, 1.0, 0.8], "tipo_deteccao": ["sacada", "sacada", "sacada", "sacada", "valida", "valida", "valida", "valida", "valida", "valida", "valida", "valida", "valida", "valida", "valida", "valida", "sacada", "sacada", "sacada", "valida", "valida", "valida", "valida", "valida", "valida", "valida", "valida", "valida", "valida", "valida", "valida", "valida", "valida", "sacada", "valida", "valida", "valida", "valida", "valida", "valida", "sacada", "sacada", "sacada", "valida", "valida", "valida", "valida", "valida", "valida", "valida", "sacada", "sacada", "sacada", "sacada", "sacada", "valida", "valida", "sacada", "sacada", "valida", "valida", "valida", "valida", "valida", "valida", "valida", "sacada", "valida", "valida", "valida", "valida", "valida", "valida", "valida", "valida", "valida", "valida", "valida", "valida", "valida", "valida", "sacada", "valida", "valida", "sacada", "valida", "valida", "sacada", "sacada", "sacada", "valida", "valida", "valida", "sacada", "sacada", "valida", "valida", "sacada", "valida", "valida", "valida", "valida", "sacada", "sacada", "sacada", "sacada", "valida", "valida", "valida", "valida", "valida", "valida", "sacada", "sacada", "sacada", "sacada", "sacada", "sacada", "sacada", "sacada", "sacada", "sacada", "sacada", "sacada", "sacada", "sacada", "invalida", "invalida", "invalida", "invalida", "sacada", "sacada", "invalida", "sacada", "sacada", "sacada", "valida", "valida", "sacada", "sacada", "valida", "sacada", "valida", "sacada", "sacada", "sacada", "sacada", "sacada", "sacada", "sacada", "valida", "sacada", "sacada", "sacada", "sacada", "sacada", "sacada", "valida", "sacada", "sacada", "sacada", "valida", "valida", "valida", "sacada", "valida", "sacada", "valida", "sacada", "valida", "valida", "sacada", "valida", "sacada", "sacada", "sacada", "sacada", "sacada", "sacada", "sacada", "sacada", "sacada", "sacada", "sacada", "sacada", "valida", "sacada", "valida", "sacada", "valida", "valida", "valida", "valida", "sacada", "sacada", "valida", "valida", "sacada", "sacada", "valida", "sacada", "sacada", "valida", "sacada", "valida", "sacada", "sacada", "sacada", "valida", "valida", "valida", "valida", "sacada", "valida", "sacada", "sacada", "valida", "valida", "valida", "sacada", "sacada", "sacada", "sacada", "valida", "sacada", "sacada", "valida", "sacada", "sacada", "sacada", "valida", "sacada", "sacada", "sacada", "valida", "sacada", "sacada", "sacada", "sacada", "sacada", "sacada", "sacada", "sacada", "sacada", "valida", "valida", "valida", "valida", "valida", "sacada", "valida", "sacada", "valida", "valida", "valida", "valida", "sacada", "sacada", "sacada", "invalida", "sacada", "sacada", "valida", "sacada", "valida", "valida", "sacada", "sacada", "sacada"], "quantidade_tipo_deteccao": {"sacada": 132, "valida": 131, "invalida": 6}, "percentagem_detec_sacada": 0.49070631970260226, "percentagem_detec_valida": 0.48698884758364314, "percentagem_detec_invalida": 0.022304832713754646, "tempo_sacadas": [0.1408284823410213, 0.1063878359273076, 0.03634114982560277, 0.10287853376939893, 0.1694633811712265, 0.06900548562407494, 0.03574491385370493, 0.03533440409228206, 0.03558717109262943, 0.10631905775517225, 0.06891154078766704, 0.035230955109000206, 0.13482196116819978, 0.4719926919788122, 0.06645950209349394, 0.09607970900833607, 0.057125505059957504, 0.036316941026598215, 0.23722482472658157, 0.19517694413661957, 0.1009466121904552, 0.03596720099449158, 0.03478902904316783, 0.034960736986249685, 0.03692441713064909, 0.40388112608343363, 0.03569498797878623, 0.03443974629044533, 0.07101212488487363, 0.06942119495943189, 0.06936949491500854, 0.036275690887123346, 0.10348278563469648, 0.032524130307137966, 0.06758729880675673, 0.13460490200668573, 0.06781527912244201, 0.10172145813703537, 0.10242290329188108, 0.304543340113014, 0.03637049160897732, 0.03543982934206724, 0.10479643987491727, 0.05296107893809676, 0.034688340965658426], "porcentagem_tempo_sacada": 0.4971535466737013}