{"id": "experimento_5_trial_1", "Confianca": 0.3, "limiar_IOU": 0.3, "Kpx": 9.5475, "Kpy": 4.17, "Kpz": 22.8, "pos_inicial_x": 1294, "pos_inicial_y": 140, "pos_inicial_z": 169, "frame_time": 30000, "freq_widowX": 30, "velocidade": 60, "filtragemDistancia": true, "limiar_distancia_pixel": 45.254833995939045, "numero_objetos": 1, "tempo_alcance": 8.194601774215698, "taxa_acerto_percentual_tracking": 0.549800796812749, "taxa_acerto_percentual_deteccoes": 0.9492753623188406, "quantidade_deteccoes_tracking": 138, "quantidade_frames": 251, "objeto_de_interesse": 5, "vetor_classificacao_classes": "[5, 5, 5, 5, 5, 5, 5, 5, 5, 5, 1, 5, 5, 5, 5, 5, 5, 5, 5, 5, 5, 5, 5, 5, 5, 5, 5, 5, 5, 5, 5, 5, 5, 1, 5, 5, 5, 5, 5, 1, 1, 5, 5, 1, 5, 5, 5, 5, 5, 5, 5, 1, 5, 5, 5, 5, 5, 5, 5, 5, 5, 1, 5, 5, 5, 5, 5, 1, 5, 5, 5, 5, 1, 1, 5, 1, 1, 1, 1, 1, 1, 1, 1, 1, 1, 1, 1, 1, 1, 1, 1, 1, 1, 1, 1, 1, 1, 1, 1, 1, 1, 1, 1, 1, 1, 1, 1, 1, 1, 1, 1, 1, 1, 1, 1, 5, 1, 1, 0, 0, 1, 1, 1, 1, 1, 1, 1, 1, 1, 0, 1, 1, 1, 1, 1, 1, 1, 1]", "taxa_acerto_deteccao": 0.4782608695652174, "qtde_predicoes_tensor": [0, 0, 0, 0, 1, 1, 1, 2, 1, 1, 2, 1, 2, 1, 2, 1, 0, 0, 0, 2, 1, 1, 1, 1, 1, 1, 1, 1, 2, 1, 1, 1, 1, 1, 0, 1, 1, 1, 0, 2, 1, 1, 0, 0, 2, 1, 1, 1, 1, 1, 0, 0, 1, 1, 0, 0, 2, 1, 2, 0, 1, 1, 1, 1, 1, 1, 0, 0, 1, 1, 1, 2, 0, 1, 1, 2, 0, 2, 1, 2, 1, 2, 0, 1, 1, 2, 1, 1, 0, 0, 2, 1, 1, 1, 1, 2, 3, 1, 2, 0, 1, 1, 0, 0, 0, 1, 0, 0, 0, 0, 1, 1, 0, 0, 0, 0, 0, 1, 0, 1, 1, 1, 1, 1, 1, 1, 0, 1, 1, 0, 0, 0, 0, 0, 0, 0, 0, 0, 0, 0, 0, 0, 1, 1, 0, 0, 1, 0, 0, 0, 0, 0, 0, 0, 0, 0, 0, 0, 0, 0, 1, 1, 0, 0, 2, 0, 0, 0, 0, 1, 0, 1, 1, 1, 1, 1, 1, 1, 1, 1, 0, 0, 1, 0, 0, 1, 1, 0, 0, 0, 0, 1, 0, 1, 0, 1, 1, 0, 0, 0, 0, 0, 0, 0, 1, 0, 0, 0, 0, 0, 1, 1, 0, 0, 0, 0, 0, 0, 1, 0, 0, 0, 2, 1, 0, 0, 0, 0, 0, 1, 1, 1, 1, 1, 1, 1, 1, 1, 2, 0, 1, 1, 1, 2, 0, 0, 0, 1, 1, 1, 1], "qtde_deteccoes_acc_temp_totais": [5, 10, 15, 20, 25, 30, 35, 40, 45, 50, 55, 60, 65, 70, 75, 80, 85, 90, 95, 100, 105, 110, 115, 120, 125, 130, 135], "qtde_deteccoes_acc_temp_validas": [5, 10, 15, 20, 25, 30, 35, 40, 45, 50, 55, 60, 65, 70, 75, 80, 85, 90, 95, 100, 105, 110, 114, 115, 119, 123, 128], "taxa_deteccoes_acc_temp": [1.0, 1.0, 1.0, 1.0, 1.0, 1.0, 1.0, 1.0, 1.0, 1.0, 1.0, 1.0, 1.0, 1.0, 1.0, 1.0, 1.0, 1.0, 1.0, 1.0, 1.0, 1.0, 0.8, 0.2, 0.8, 0.8, 1.0], "tipo_deteccao": ["sacada", "sacada", "sacada", "sacada", "valida", "valida", "valida", "valida", "valida", "valida", "valida", "valida", "valida", "valida", "valida", "valida", "sacada", "sacada", "sacada", "valida", "valida", "valida", "valida", "valida", "valida", "valida", "valida", "valida", "valida", "valida", "valida", "valida", "valida", "valida", "sacada", "valida", "valida", "valida", "sacada", "valida", "valida", "valida", "sacada", "sacada", "valida", "valida", "valida", "valida", "valida", "valida", "sacada", "sacada", "valida", "valida", "sacada", "sacada", "valida", "valida", "valida", "sacada", "valida", "valida", "valida", "valida", "valida", "valida", "sacada", "sacada", "valida", "valida", "valida", "valida", "sacada", "valida", "valida", "valida", "sacada", "valida", "valida", "valida", "valida", "valida", "sacada", "valida", "valida", "valida", "valida", "valida", "sacada", "sacada", "valida", "valida", "valida", "valida", "valida", "valida", "valida", "valida", "valida", "sacada", "valida", "valida", "sacada", "sacada", "sacada", "valida", "sacada", "sacada", "sacada", "sacada", "valida", "valida", "sacada", "sacada", "sacada", "sacada", "sacada", "valida", "sacada", "valida", "valida", "valida", "valida", "valida", "valida", "valida", "sacada", "valida", "valida", "sacada", "sacada", "sacada", "sacada", "sacada", "sacada", "sacada", "sacada", "sacada", "sacada", "sacada", "sacada", "sacada", "valida", "valida", "sacada", "sacada", "valida", "sacada", "sacada", "sacada", "sacada", "sacada", "sacada", "sacada", "sacada", "sacada", "sacada", "sacada", "sacada", "sacada", "valida", "valida", "sacada", "sacada", "valida", "sacada", "sacada", "sacada", "sacada", "valida", "sacada", "valida", "valida", "valida", "valida", "valida", "valida", "valida", "valida", "valida", "sacada", "sacada", "valida", "sacada", "sacada", "valida", "valida", "sacada", "sacada", "sacada", "sacada", "valida", "sacada", "valida", "sacada", "valida", "valida", "sacada", "sacada", "sacada", "sacada", "sacada", "sacada", "sacada", "invalida", "sacada", "sacada", "sacada", "sacada", "sacada", "invalida", "invalida", "sacada", "sacada", "sacada", "sacada", "sacada", "sacada", "valida", "sacada", "sacada", "sacada", "invalida", "invalida", "sacada", "sacada", "sacada", "sacada", "sacada", "invalida", "valida", "valida", "valida", "valida", "valida", "valida", "valida", "valida", "invalida", "sacada", "valida", "valida", "valida", "valida", "sacada", "sacada", "sacada", "valida", "valida", "valida", "valida"], "quantidade_tipo_deteccao": {"sacada": 113, "valida": 131, "invalida": 7}, "percentagem_detec_sacada": 0.450199203187251, "percentagem_detec_valida": 0.5219123505976095, "percentagem_detec_invalida": 0.027888446215139442, "tempo_sacadas": [0.13488462008535862, 0.10331443697214127, 0.041892571840435266, 0.034866780042648315, 0.06975306337699294, 0.06798583781346679, 0.06970061082392931, 0.03605958307161927, 0.06897441577166319, 0.035676196217536926, 0.0350715690292418, 0.03595946729183197, 0.07049410883337259, 0.0351289352402091, 0.10240838583558798, 0.13633278477936983, 0.17236153641715646, 0.03499558614566922, 0.035344559233635664, 0.4415089441463351, 0.0701812282204628, 0.4386627459898591, 0.06874140491709113, 0.13711294205859303, 0.03566985111683607, 0.06791404774412513, 0.06902910303324461, 0.13701116992160678, 0.03446270897984505, 0.03485314920544624, 0.23764644609764218, 0.15769025683403015, 0.18338416190817952, 0.1039974382147193, 0.14848054014146328, 0.02274216990917921, 0.10261633805930614], "porcentagem_tempo_sacada": 0.4652953005376229}