{"id": "experimento_5_trial_3", "Confianca": 0.3, "limiar_IOU": 0.3, "Kpx": 9.5475, "Kpy": 4.17, "Kpz": 22.8, "pos_inicial_x": 1294, "pos_inicial_y": 140, "pos_inicial_z": 169, "frame_time": 30000, "freq_widowX": 30, "velocidade": 60, "filtragemDistancia": true, "limiar_distancia_pixel": 45.254833995939045, "numero_objetos": 1, "tempo_alcance": 7.484705448150635, "taxa_acerto_percentual_tracking": 0.6140350877192983, "taxa_acerto_percentual_deteccoes": 0.9357142857142857, "quantidade_deteccoes_tracking": 140, "quantidade_frames": 228, "objeto_de_interesse": 5, "vetor_classificacao_classes": "[1, 5, 5, 5, 5, 6, 5, 5, 5, 1, 1, 5, 5, 5, 5, 5, 5, 5, 5, 5, 5, 5, 5, 5, 5, 5, 5, 5, 6, 1, 5, 5, 1, 1, 1, 1, 1, 1, 1, 5, 5, 1, 1, 6, 1, 1, 1, 1, 1, 1, 1, 1, 2, 1, 1, 1, 1, 1, 1, 1, 1, 1, 1, 1, 1, 1, 1, 1, 1, 1, 1, 1, 1, 1, 1, 1, 1, 1, 1, 1, 1, 1, 1, 1, 1, 1, 1, 1, 1, 1, 1, 1, 1, 1, 1, 1, 1, 1, 1, 1, 1, 1, 1, 1, 1, 1, 1, 1, 1, 1, 1, 1, 1, 1, 1, 1, 1, 1, 0, 0, 1, 1, 1, 1, 1, 1, 1, 1, 1, 1, 4, 1, 1, 1, 1, 1, 1, 1, 1, 1]", "taxa_acerto_deteccao": 0.2, "qtde_predicoes_tensor": [0, 0, 0, 0, 1, 1, 1, 1, 1, 0, 2, 1, 1, 1, 1, 2, 1, 0, 0, 0, 1, 1, 1, 1, 1, 1, 1, 1, 1, 1, 1, 1, 1, 1, 1, 1, 2, 2, 0, 1, 0, 0, 2, 1, 1, 0, 1, 1, 1, 0, 0, 2, 0, 1, 2, 1, 0, 0, 0, 0, 0, 1, 2, 4, 2, 3, 1, 1, 1, 1, 1, 1, 0, 0, 0, 0, 0, 1, 1, 0, 0, 1, 0, 0, 1, 0, 0, 1, 1, 1, 1, 1, 0, 1, 0, 0, 0, 0, 0, 1, 1, 1, 1, 0, 1, 1, 0, 1, 1, 1, 1, 1, 0, 1, 1, 1, 0, 0, 0, 0, 0, 0, 0, 0, 0, 0, 1, 0, 0, 0, 0, 1, 1, 1, 1, 0, 1, 1, 0, 1, 1, 1, 1, 0, 0, 0, 1, 0, 1, 0, 0, 1, 0, 1, 1, 1, 0, 0, 1, 1, 0, 0, 1, 1, 1, 0, 0, 1, 1, 1, 1, 1, 1, 1, 1, 1, 1, 1, 0, 1, 0, 1, 1, 0, 1, 1, 1, 2, 0, 0, 2, 1, 0, 0, 0, 0, 0, 1, 1, 0, 1, 0, 0, 0, 1, 0, 0, 1, 1, 1, 0, 1, 1, 1, 1, 1, 0, 1, 1, 1, 1, 1, 1, 1, 1, 0, 1, 1], "qtde_deteccoes_acc_temp_totais": [5, 10, 15, 20, 25, 30, 35, 40, 45, 50, 55, 60, 65, 70, 75, 80, 85, 90, 95, 100, 105, 110, 115, 120, 125, 130, 135, 140], "qtde_deteccoes_acc_temp_validas": [5, 10, 15, 20, 25, 30, 32, 36, 40, 45, 49, 54, 59, 64, 69, 74, 79, 84, 89, 94, 99, 104, 109, 112, 117, 122, 126, 131], "taxa_deteccoes_acc_temp": [1.0, 1.0, 1.0, 1.0, 1.0, 1.0, 0.4, 0.8, 0.8, 1.0, 0.8, 1.0, 1.0, 1.0, 1.0, 1.0, 1.0, 1.0, 1.0, 1.0, 1.0, 1.0, 1.0, 0.6, 1.0, 1.0, 0.8, 1.0], "tipo_deteccao": ["sacada", "sacada", "sacada", "sacada", "valida", "valida", "valida", "valida", "valida", "sacada", "valida", "valida", "valida", "valida", "valida", "valida", "valida", "sacada", "sacada", "sacada", "valida", "valida", "valida", "valida", "valida", "valida", "valida", "valida", "valida", "valida", "valida", "valida", "valida", "valida", "valida", "valida", "valida", "valida", "sacada", "valida", "sacada", "sacada", "valida", "invalida", "invalida", "sacada", "invalida", "valida", "valida", "sacada", "sacada", "invalida", "sacada", "valida", "valida", "valida", "sacada", "sacada", "sacada", "sacada", "sacada", "valida", "valida", "invalida", "valida", "valida", "valida", "valida", "valida", "valida", "valida", "valida", "sacada", "sacada", "sacada", "sacada", "sacada", "invalida", "valida", "sacada", "sacada", "valida", "sacada", "sacada", "valida", "sacada", "sacada", "valida", "valida", "valida", "valida", "valida", "sacada", "valida", "sacada", "sacada", "sacada", "sacada", "sacada", "valida", "valida", "valida", "valida", "sacada", "valida", "valida", "sacada", "valida", "valida", "valida", "valida", "valida", "sacada", "valida", "valida", "valida", "sacada", "sacada", "sacada", "sacada", "sacada", "sacada", "sacada", "sacada", "sacada", "sacada", "valida", "sacada", "sacada", "sacada", "sacada", "valida", "valida", "valida", "valida", "sacada", "valida", "valida", "sacada", "valida", "valida", "valida", "valida", "sacada", "sacada", "sacada", "valida", "sacada", "valida", "sacada", "sacada", "valida", "sacada", "valida", "valida", "valida", "sacada", "sacada", "valida", "valida", "sacada", "sacada", "valida", "valida", "valida", "sacada", "sacada", "valida", "valida", "valida", "valida", "valida", "valida", "valida", "valida", "valida", "valida", "valida", "sacada", "valida", "sacada", "valida", "valida", "sacada", "valida", "valida", "valida", "valida", "sacada", "sacada", "valida", "valida", "sacada", "sacada", "sacada", "sacada", "sacada", "invalida", "invalida", "sacada", "valida", "sacada", "sacada", "sacada", "valida", "sacada", "sacada", "valida", "valida", "valida", "sacada", "valida", "valida", "valida", "valida", "valida", "sacada", "invalida", "valida", "valida", "valida", "valida", "valida", "valida", "valida", "sacada", "valida", "valida"], "quantidade_tipo_deteccao": {"sacada": 88, "valida": 131, "invalida": 9}, "percentagem_detec_sacada": 0.38596491228070173, "percentagem_detec_valida": 0.5745614035087719, "percentagem_detec_invalida": 0.039473684210526314, "tempo_sacadas": [0.13078784197568893, 0.03676932584494352, 0.1039647082798183, 0.035469196271151304, 0.06961973197758198, 0.02449266193434596, 0.060079202987253666, 0.03824100876227021, 0.1709400499239564, 0.16270730597898364, 0.07761124894022942, 0.06860676594078541, 0.060912719927728176, 0.033780944999307394, 0.1629780400544405, 0.03610124997794628, 0.03556531900539994, 0.034063286148011684, 0.3350467197597027, 0.13582921586930752, 0.03428498702123761, 0.034660662058740854, 0.10150404693558812, 0.035344591829925776, 0.07004309026524425, 0.035072107799351215, 0.06822079792618752, 0.06795467482879758, 0.07058005034923553, 0.03532112343236804, 0.036050783935934305, 0.03446640819311142, 0.0669448571279645, 0.17088314285501838, 0.014624068047851324, 0.10110639221966267, 0.06841974891722202, 0.033931925892829895, 0.03589826077222824, 0.03656397620216012], "porcentagem_tempo_sacada": 0.3962002595442458}