{"id": "experimento_5_trial_5", "Confianca": 0.3, "limiar_IOU": 0.3, "Kpx": 9.5475, "Kpy": 4.17, "Kpz": 22.8, "pos_inicial_x": 1294, "pos_inicial_y": 140, "pos_inicial_z": 169, "frame_time": 30000, "freq_widowX": 30, "velocidade": 60, "filtragemDistancia": true, "limiar_distancia_pixel": 45.254833995939045, "numero_objetos": 1, "tempo_alcance": 7.355215311050415, "taxa_acerto_percentual_tracking": 0.6061946902654868, "taxa_acerto_percentual_deteccoes": 0.9854014598540146, "quantidade_deteccoes_tracking": 137, "quantidade_frames": 226, "objeto_de_interesse": 5, "vetor_classificacao_classes": "[5, 1, 5, 3, 5, 5, 6, 3, 5, 5, 5, 5, 5, 5, 3, 5, 5, 5, 5, 5, 5, 5, 5, 5, 5, 5, 1, 5, 5, 5, 1, 5, 5, 5, 5, 5, 1, 5, 1, 5, 5, 5, 5, 5, 5, 5, 5, 5, 5, 5, 5, 5, 5, 5, 5, 5, 5, 5, 5, 5, 5, 5, 5, 1, 1, 5, 5, 5, 5, 1, 1, 1, 1, 1, 1, 5, 1, 1, 1, 1, 1, 1, 1, 1, 1, 1, 1, 1, 1, 1, 1, 1, 1, 1, 1, 1, 1, 1, 1, 1, 1, 1, 1, 1, 1, 1, 1, 1, 1, 1, 1, 1, 1, 1, 1, 1, 1, 1, 1, 1, 1, 1, 1, 1, 1, 1, 1, 1, 1, 1, 1, 1, 2, 4, 1, 1, 1]", "taxa_acerto_deteccao": 0.4306569343065693, "qtde_predicoes_tensor": [0, 0, 0, 0, 1, 2, 1, 2, 1, 1, 2, 2, 2, 0, 1, 1, 1, 0, 0, 1, 1, 2, 1, 1, 1, 1, 1, 1, 1, 1, 1, 1, 1, 0, 0, 1, 1, 1, 1, 1, 1, 1, 1, 1, 1, 2, 0, 1, 1, 1, 1, 0, 0, 1, 1, 1, 0, 0, 1, 1, 1, 1, 1, 1, 1, 1, 1, 1, 1, 1, 1, 1, 1, 1, 1, 0, 0, 1, 1, 1, 1, 1, 2, 1, 2, 0, 1, 3, 0, 2, 1, 1, 1, 2, 2, 1, 1, 0, 1, 2, 1, 1, 1, 1, 1, 1, 1, 1, 1, 1, 1, 0, 0, 2, 0, 1, 0, 0, 0, 0, 0, 0, 1, 1, 0, 1, 1, 0, 0, 0, 0, 0, 0, 0, 0, 0, 0, 0, 0, 0, 0, 0, 0, 0, 0, 0, 0, 1, 1, 1, 1, 1, 1, 1, 1, 1, 0, 0, 1, 0, 0, 1, 1, 0, 0, 0, 0, 1, 0, 0, 0, 1, 1, 0, 0, 1, 1, 0, 0, 0, 0, 0, 1, 0, 0, 0, 0, 0, 0, 0, 0, 0, 1, 0, 0, 0, 1, 1, 0, 0, 1, 1, 0, 0, 1, 1, 1, 1, 0, 0, 1, 1, 0, 1, 0, 0, 1, 1, 1, 1, 0, 2, 1, 1, 1, 1], "qtde_deteccoes_acc_temp_totais": [5, 10, 15, 20, 25, 30, 35, 40, 45, 50, 55, 60, 65, 70, 75, 80, 85, 90, 95, 100, 105, 110, 115, 120, 125, 130, 135], "qtde_deteccoes_acc_temp_validas": [5, 10, 15, 20, 25, 30, 35, 40, 45, 50, 55, 60, 65, 70, 74, 79, 84, 89, 94, 99, 104, 109, 114, 119, 124, 129, 133], "taxa_deteccoes_acc_temp": [1.0, 1.0, 1.0, 1.0, 1.0, 1.0, 1.0, 1.0, 1.0, 1.0, 1.0, 1.0, 1.0, 1.0, 0.8, 1.0, 1.0, 1.0, 1.0, 1.0, 1.0, 1.0, 1.0, 1.0, 1.0, 1.0, 0.8], "tipo_deteccao": ["sacada", "sacada", "sacada", "sacada", "valida", "valida", "valida", "valida", "valida", "valida", "valida", "valida", "valida", "sacada", "valida", "valida", "valida", "sacada", "sacada", "valida", "valida", "valida", "valida", "valida", "valida", "valida", "valida", "valida", "valida", "valida", "valida", "valida", "valida", "sacada", "sacada", "valida", "valida", "valida", "valida", "valida", "valida", "valida", "valida", "valida", "valida", "valida", "sacada", "valida", "valida", "valida", "valida", "sacada", "sacada", "valida", "valida", "valida", "sacada", "sacada", "valida", "valida", "valida", "valida", "valida", "valida", "valida", "valida", "valida", "valida", "valida", "valida", "valida", "valida", "valida", "valida", "valida", "sacada", "sacada", "valida", "valida", "valida", "valida", "valida", "valida", "valida", "valida", "sacada", "valida", "valida", "sacada", "valida", "valida", "valida", "invalida", "valida", "valida", "valida", "valida", "sacada", "valida", "valida", "valida", "valida", "valida", "valida", "valida", "valida", "valida", "valida", "valida", "valida", "valida", "sacada", "sacada", "valida", "sacada", "valida", "sacada", "sacada", "sacada", "sacada", "sacada", "sacada", "valida", "valida", "sacada", "valida", "valida", "sacada", "sacada", "sacada", "sacada", "sacada", "sacada", "sacada", "sacada", "sacada", "sacada", "sacada", "sacada", "sacada", "sacada", "sacada", "sacada", "sacada", "sacada", "sacada", "sacada", "valida", "valida", "valida", "valida", "valida", "valida", "valida", "valida", "valida", "sacada", "sacada", "valida", "sacada", "sacada", "valida", "valida", "sacada", "sacada", "sacada", "sacada", "valida", "sacada", "sacada", "sacada", "valida", "valida", "sacada", "sacada", "valida", "valida", "sacada", "sacada", "sacada", "sacada", "sacada", "valida", "sacada", "sacada", "sacada", "sacada", "sacada", "sacada", "sacada", "sacada", "sacada", "valida", "sacada", "sacada", "sacada", "valida", "valida", "sacada", "sacada", "valida", "valida", "sacada", "sacada", "valida", "valida", "valida", "valida", "sacada", "sacada", "valida", "valida", "sacada", "valida", "sacada", "sacada", "valida", "valida", "valida", "valida", "sacada", "valida", "invalida", "valida", "valida", "valida"], "quantidade_tipo_deteccao": {"sacada": 89, "valida": 135, "invalida": 2}, "percentagem_detec_sacada": 0.3938053097345133, "percentagem_detec_valida": 0.5973451327433629, "percentagem_detec_invalida": 0.008849557522123894, "tempo_sacadas": [0.12740733986720443, 0.03565752087160945, 0.07045279769226909, 0.0692544337362051, 0.03444395028054714, 0.06933628767728806, 0.0628193817101419, 0.06673230091109872, 0.035202566999942064, 0.034573685843497515, 0.035835938062518835, 0.06926076207309961, 0.036504282150417566, 0.2027267632074654, 0.03518647002056241, 0.6779918810352683, 0.06925793783739209, 0.06878544623032212, 0.1369546060450375, 0.10173779120668769, 0.07108992012217641, 0.16965722432360053, 0.308287198189646, 0.10469902399927378, 0.06937533523887396, 0.06982373911887407, 0.07129560504108667, 0.035099281929433346, 0.06800268776714802, 0.035309272818267345], "porcentagem_tempo_sacada": 0.41368760849672687}