{"id": "experimento_1_trial_1", "Confianca": 0.2, "limiar_IOU": 0.1, "Kpx": 9.5475, "Kpy": 4.17, "Kpz": 22.8, "pos_inicial_x": 1294, "pos_inicial_y": 140, "pos_inicial_z": 169, "frame_time": 30000, "freq_widowX": 30, "velocidade": 60, "filtragemDistancia": true, "limiar_distancia_pixel": 9.05096679918781, "numero_objetos": 1, "tempo_alcance": 7.797349214553833, "taxa_acerto_percentual_tracking": 0.5574468085106383, "taxa_acerto_percentual_deteccoes": 1.0, "quantidade_deteccoes_tracking": 131, "quantidade_frames": 235, "objeto_de_interesse": 3, "vetor_classificacao_classes": "[3, 3, 3, 3, 3, 3, 3, 3, 3, 3, 3, 3, 3, 3, 3, 3, 3, 3, 3, 3, 3, 3, 3, 3, 3, 3, 3, 3, 3, 3, 3, 3, 3, 3, 3, 3, 3, 3, 3, 3, 3, 3, 3, 3, 3, 3, 3, 3, 3, 3, 3, 3, 3, 3, 3, 3, 3, 3, 3, 3, 3, 3, 3, 3, 3, 3, 3, 3, 3, 3, 3, 3, 3, 3, 3, 3, 3, 3, 3, 3, 3, 3, 3, 3, 3, 3, 3, 3, 3, 3, 3, 3, 3, 3, 3, 3, 3, 3, 3, 3, 3, 3, 3, 3, 3, 3, 3, 3, 3, 3, 3, 3, 3, 3, 3, 3, 3, 3, 3, 3, 3, 3, 3, 3, 3, 3, 3, 3, 3, 3, 3]", "taxa_acerto_deteccao": 1.0, "qtde_predicoes_tensor": [0, 0, 0, 0, 0, 1, 1, 1, 0, 1, 2, 2, 1, 0, 1, 1, 0, 0, 1, 1, 1, 1, 1, 1, 0, 0, 1, 0, 0, 0, 0, 1, 1, 1, 0, 0, 0, 1, 1, 1, 0, 1, 0, 1, 1, 0, 0, 1, 1, 1, 0, 1, 0, 1, 0, 0, 0, 1, 1, 0, 0, 1, 1, 0, 0, 0, 0, 1, 0, 1, 0, 1, 0, 0, 1, 1, 0, 0, 1, 1, 1, 1, 1, 1, 1, 1, 1, 1, 1, 1, 1, 1, 1, 1, 1, 1, 0, 0, 1, 1, 1, 1, 1, 1, 1, 1, 1, 0, 1, 0, 0, 0, 1, 0, 1, 1, 0, 0, 1, 1, 0, 0, 0, 1, 0, 0, 0, 1, 0, 0, 0, 0, 1, 0, 1, 1, 1, 0, 1, 1, 0, 1, 0, 1, 1, 1, 1, 0, 0, 0, 1, 1, 1, 1, 1, 0, 1, 0, 0, 1, 1, 1, 0, 0, 1, 1, 1, 0, 0, 1, 0, 0, 1, 1, 1, 0, 1, 0, 1, 0, 1, 1, 1, 1, 1, 0, 0, 0, 1, 1, 1, 1, 1, 0, 0, 0, 0, 1, 1, 1, 0, 1, 0, 1, 1, 0, 0, 2, 1, 1, 0, 1, 0, 0, 1, 0, 0, 0, 0, 0, 1, 0, 0, 0, 0, 0, 0, 1, 1, 0, 1, 1, 1, 1, 0], "qtde_deteccoes_acc_temp_totais": [5, 10, 15, 20, 25, 30, 35, 40, 45, 50, 55, 60, 65, 70, 75, 80, 85, 90, 95, 100, 105, 110, 115, 120, 125, 130], "qtde_deteccoes_acc_temp_validas": [5, 10, 15, 20, 25, 30, 35, 40, 45, 50, 55, 60, 65, 70, 75, 80, 85, 90, 95, 100, 105, 110, 115, 120, 125, 130], "taxa_deteccoes_acc_temp": [1.0, 1.0, 1.0, 1.0, 1.0, 1.0, 1.0, 1.0, 1.0, 1.0, 1.0, 1.0, 1.0, 1.0, 1.0, 1.0, 1.0, 1.0, 1.0, 1.0, 1.0, 1.0, 1.0, 1.0, 1.0, 1.0], "tipo_deteccao": ["sacada", "sacada", "sacada", "sacada", "sacada", "valida", "valida", "valida", "sacada", "valida", "valida", "valida", "valida", "sacada", "valida", "valida", "sacada", "sacada", "valida", "valida", "valida", "valida", "valida", "valida", "sacada", "sacada", "valida", "sacada", "sacada", "sacada", "sacada", "valida", "valida", "valida", "sacada", "sacada", "sacada", "valida", "valida", "valida", "sacada", "valida", "sacada", "valida", "valida", "sacada", "sacada", "valida", "valida", "valida", "sacada", "valida", "sacada", "valida", "sacada", "sacada", "sacada", "valida", "valida", "sacada", "sacada", "valida", "valida", "sacada", "sacada", "sacada", "sacada", "valida", "sacada", "valida", "sacada", "valida", "sacada", "sacada", "valida", "valida", "sacada", "sacada", "valida", "valida", "valida", "valida", "valida", "valida", "valida", "valida", "valida", "valida", "valida", "valida", "valida", "valida", "valida", "valida", "valida", "valida", "sacada", "sacada", "valida", "valida", "valida", "valida", "valida", "valida", "valida", "valida", "valida", "sacada", "valida", "sacada", "sacada", "sacada", "valida", "sacada", "valida", "valida", "sacada", "sacada", "valida", "valida", "sacada", "sacada", "sacada", "valida", "sacada", "sacada", "sacada", "valida", "sacada", "sacada", "sacada", "sacada", "valida", "sacada", "valida", "valida", "valida", "sacada", "valida", "valida", "sacada", "valida", "sacada", "valida", "valida", "valida", "valida", "sacada", "sacada", "sacada", "valida", "valida", "valida", "valida", "valida", "sacada", "valida", "sacada", "sacada", "valida", "valida", "valida", "sacada", "sacada", "valida", "valida", "valida", "sacada", "sacada", "valida", "sacada", "sacada", "valida", "valida", "valida", "sacada", "valida", "sacada", "valida", "sacada", "valida", "valida", "valida", "valida", "valida", "sacada", "sacada", "sacada", "valida", "valida", "valida", "valida", "valida", "sacada", "sacada", "sacada", "sacada", "valida", "valida", "valida", "sacada", "valida", "sacada", "valida", "valida", "sacada", "sacada", "valida", "valida", "valida", "sacada", "valida", "sacada", "sacada", "valida", "sacada", "sacada", "sacada", "sacada", "sacada", "valida", "sacada", "sacada", "sacada", "sacada", "sacada", "sacada", "valida", "valida", "sacada", "valida", "valida", "valida", "valida", "sacada"], "quantidade_tipo_deteccao": {"sacada": 104, "valida": 131}, "percentagem_detec_sacada": 0.4425531914893617, "percentagem_detec_valida": 0.5574468085106383, "percentagem_detec_invalida": 0.0, "tempo_sacadas": [0.16854484006762505, 0.02720246370881796, 0.0361396549269557, 0.06685295095667243, 0.06769150495529175, 0.14030777476727962, 0.10073251277208328, 0.034921695943921804, 0.035778204910457134, 0.06894346978515387, 0.03476169239729643, 0.03509834874421358, 0.10302788112312555, 0.06887706136330962, 0.13512752810493112, 0.035468622110784054, 0.03447545086964965, 0.0683454442769289, 0.06853040819987655, 0.06786265410482883, 0.03512375382706523, 0.10142253898084164, 0.03574821865186095, 0.06874595768749714, 0.10155976517125964, 0.10155100701376796, 0.13570248987525702, 0.03470840584486723, 0.03545374982059002, 0.034645006991922855, 0.037296060007065535, 0.10209290497004986, 0.03478751890361309, 0.068337915930897, 0.06818872084841132, 0.06825292482972145, 0.06783072324469686, 0.040224204771220684, 0.03484262619167566, 0.036252954974770546, 0.10235645296052098, 0.135844592936337, 0.035582817159593105, 0.035789572168141603, 0.06916730711236596, 0.03551119985058904, 0.06942422781139612, 0.16983981989324093, 0.20044953702017665, 0.035034931264817715], "porcentagem_tempo_sacada": 0.4527767031664809}