{"id": "experimento_1_trial_4", "Confianca": 0.2, "limiar_IOU": 0.1, "Kpx": 9.5475, "Kpy": 4.17, "Kpz": 22.8, "pos_inicial_x": 1294, "pos_inicial_y": 140, "pos_inicial_z": 169, "frame_time": 30000, "freq_widowX": 30, "velocidade": 60, "filtragemDistancia": true, "limiar_distancia_pixel": 9.05096679918781, "numero_objetos": 1, "tempo_alcance": 6.185562372207642, "taxa_acerto_percentual_tracking": 0.708994708994709, "taxa_acerto_percentual_deteccoes": 1.0, "quantidade_deteccoes_tracking": 134, "quantidade_frames": 189, "objeto_de_interesse": 3, "vetor_classificacao_classes": "[3, 3, 3, 3, 3, 3, 3, 3, 3, 3, 3, 3, 3, 3, 3, 3, 3, 3, 3, 3, 3, 3, 3, 3, 3, 3, 3, 3, 3, 3, 3, 3, 3, 3, 3, 3, 3, 3, 3, 3, 3, 3, 3, 3, 3, 3, 3, 3, 3, 3, 3, 3, 3, 3, 3, 3, 3, 3, 3, 3, 3, 3, 3, 3, 3, 3, 3, 3, 3, 3, 3, 3, 3, 3, 3, 3, 3, 3, 3, 3, 3, 3, 3, 3, 3, 3, 3, 3, 3, 3, 3, 3, 3, 3, 3, 3, 3, 3, 3, 3, 3, 3, 3, 3, 3, 3, 3, 3, 3, 3, 3, 3, 3, 3, 3, 3, 3, 3, 3, 3, 3, 3, 3, 3, 3, 3, 3, 3, 3, 3, 3, 3, 3, 3]", "taxa_acerto_deteccao": 1.0, "qtde_predicoes_tensor": [0, 0, 0, 0, 1, 1, 1, 1, 1, 1, 1, 2, 2, 0, 2, 0, 1, 1, 0, 0, 1, 2, 1, 1, 1, 1, 1, 0, 1, 0, 1, 1, 1, 0, 1, 0, 0, 1, 1, 1, 1, 0, 1, 1, 1, 1, 1, 1, 1, 1, 1, 1, 1, 1, 0, 1, 1, 1, 1, 1, 1, 1, 0, 0, 1, 1, 1, 1, 1, 0, 1, 1, 1, 1, 1, 0, 0, 0, 0, 1, 1, 0, 0, 0, 0, 0, 0, 0, 0, 0, 0, 1, 1, 1, 0, 0, 0, 0, 0, 0, 0, 0, 1, 1, 1, 1, 1, 0, 1, 1, 1, 1, 0, 1, 1, 1, 1, 1, 1, 1, 1, 1, 1, 1, 1, 1, 1, 1, 1, 0, 0, 0, 1, 1, 0, 1, 1, 1, 1, 1, 1, 0, 1, 1, 1, 1, 1, 0, 1, 1, 1, 0, 1, 1, 1, 1, 1, 1, 1, 1, 1, 1, 0, 1, 0, 1, 1, 1, 1, 1, 1, 0, 0, 1, 1, 1, 1, 1, 1, 1, 0, 0, 1, 1, 1, 1, 1, 1, 1], "qtde_deteccoes_acc_temp_totais": [5, 10, 15, 20, 25, 30, 35, 40, 45, 50, 55, 60, 65, 70, 75, 80, 85, 90, 95, 100, 105, 110, 115, 120, 125, 130], "qtde_deteccoes_acc_temp_validas": [5, 10, 15, 20, 25, 30, 35, 40, 45, 50, 55, 60, 65, 70, 75, 80, 85, 90, 95, 100, 105, 110, 115, 120, 125, 130], "taxa_deteccoes_acc_temp": [1.0, 1.0, 1.0, 1.0, 1.0, 1.0, 1.0, 1.0, 1.0, 1.0, 1.0, 1.0, 1.0, 1.0, 1.0, 1.0, 1.0, 1.0, 1.0, 1.0, 1.0, 1.0, 1.0, 1.0, 1.0, 1.0], "tipo_deteccao": ["sacada", "sacada", "sacada", "sacada", "valida", "valida", "valida", "valida", "valida", "valida", "valida", "valida", "valida", "sacada", "valida", "sacada", "valida", "valida", "sacada", "sacada", "valida", "valida", "valida", "valida", "valida", "valida", "valida", "sacada", "valida", "sacada", "valida", "valida", "valida", "sacada", "valida", "sacada", "sacada", "valida", "valida", "valida", "valida", "sacada", "valida", "valida", "valida", "valida", "valida", "valida", "valida", "valida", "valida", "valida", "valida", "valida", "sacada", "valida", "valida", "valida", "valida", "valida", "valida", "valida", "sacada", "sacada", "valida", "valida", "valida", "valida", "valida", "sacada", "valida", "valida", "valida", "valida", "valida", "sacada", "sacada", "sacada", "sacada", "valida", "valida", "sacada", "sacada", "sacada", "sacada", "sacada", "sacada", "sacada", "sacada", "sacada", "sacada", "valida", "valida", "valida", "sacada", "sacada", "sacada", "sacada", "sacada", "sacada", "sacada", "sacada", "valida", "valida", "valida", "valida", "valida", "sacada", "valida", "valida", "valida", "valida", "sacada", "valida", "valida", "valida", "valida", "valida", "valida", "valida", "valida", "valida", "valida", "valida", "valida", "valida", "valida", "valida", "valida", "sacada", "sacada", "sacada", "valida", "valida", "sacada", "valida", "valida", "valida", "valida", "valida", "valida", "sacada", "valida", "valida", "valida", "valida", "valida", "sacada", "valida", "valida", "valida", "sacada", "valida", "valida", "valida", "valida", "valida", "valida", "valida", "valida", "valida", "valida", "sacada", "valida", "sacada", "valida", "valida", "valida", "valida", "valida", "valida", "sacada", "sacada", "valida", "valida", "valida", "valida", "valida", "valida", "valida", "sacada", "sacada", "valida", "valida", "valida", "valida", "valida", "valida", "valida"], "quantidade_tipo_deteccao": {"sacada": 55, "valida": 134}, "percentagem_detec_sacada": 0.291005291005291, "percentagem_detec_valida": 0.708994708994709, "percentagem_detec_invalida": 0.0, "tempo_sacadas": [0.1353504890576005, 0.02640357380732894, 0.03104091715067625, 0.0725667318329215, 0.03469626884907484, 0.034652691800147295, 0.03465526085346937, 0.06852418696507812, 0.028794636949896812, 0.0346440440043807, 0.06851590471342206, 0.03484465414658189, 0.13551207538694143, 0.33711302280426025, 0.270117053296417, 0.036411324981600046, 0.03528559906408191, 0.10075782332569361, 0.03502362919971347, 0.035031202249228954, 0.03536211233586073, 0.0342277018353343, 0.034843733068555593, 0.0346569842658937, 0.06823334889486432, 0.06815150799229741], "porcentagem_tempo_sacada": 0.30157589020730374}